customerID,gender,SeniorCitizen,Partner,Dependents,tenure,PhoneService,MultipleLines,InternetService,OnlineSecurity,OnlineBackup,DeviceProtection,TechSupport,StreamingTV,StreamingMovies,Contract,PaperlessBilling,PaymentMethod,MonthlyCharges,TotalCharges,Churn
C0000,Male,1,No,No,23,Yes,No,No,No,No,No,No internet service,No,No internet service,One year,Yes,Credit card (automatic),19.87,5877.83,No
C0001,Female,1,Yes,No,60,Yes,No phone service,Fiber optic,No internet service,Yes,Yes,Yes,No,No internet service,Two year,No,Bank transfer (automatic),97.32,5417.03,Yes
C0002,Female,1,Yes,No,3,No,No,No,Yes,No internet service,No,No,Yes,Yes,Month-to-month,No,Electronic check,34.52,5371.37,Yes
C0003,Male,1,Yes,No,32,No,No,Fiber optic,No,No,No,No,Yes,Yes,Two year,No,Credit card (automatic),79.07,1771.26,No
C0004,Male,0,No,No,57,No,No,Fiber optic,No internet service,No internet service,Yes,No,No,Yes,One year,No,Credit card (automatic),87.47,4932.02,No
C0005,Female,1,Yes,Yes,68,No,Yes,DSL,No internet service,No,No internet service,Yes,No,No,One year,Yes,Mailed check,46.5,5323.82,No
C0006,Male,1,Yes,No,18,Yes,Yes,Fiber optic,No,No internet service,No,No,No,No,Month-to-month,Yes,Mailed check,76.07,4856.18,No
C0007,Female,1,Yes,Yes,47,No,No phone service,Fiber optic,Yes,No,Yes,No,Yes,No internet service,One year,Yes,Electronic check,42.51,1597.03,Yes
C0008,Male,1,No,No,14,No,Yes,No,Yes,Yes,No internet service,No,No,No internet service,Month-to-month,No,Credit card (automatic),114.52,6151.0,Yes
C0009,Male,1,No,No,9,Yes,Yes,No,No,Yes,Yes,No internet service,Yes,No internet service,Two year,No,Credit card (automatic),105.74,639.25,No
C0010,Female,0,Yes,Yes,26,No,No,DSL,No,No,No,No,Yes,Yes,Two year,No,Electronic check,47.38,5032.56,No
C0011,Female,1,Yes,No,63,Yes,No phone service,Fiber optic,Yes,No,No,No,No,Yes,One year,No,Bank transfer (automatic),71.94,3718.35,No
C0012,Female,0,Yes,Yes,49,No,No,No,Yes,No internet service,No,Yes,No,No internet service,Two year,Yes,Mailed check,69.06,2140.93,Yes
C0013,Female,0,No,No,35,No,No,Fiber optic,No,No,No internet service,Yes,No,No internet service,Two year,No,Bank transfer (automatic),115.92,6866.27,No
C0014,Female,1,No,Yes,21,No,No,Fiber optic,No internet service,No internet service,No internet service,No,No internet service,Yes,Month-to-month,No,Electronic check,58.19,1509.92,No
C0015,Female,1,Yes,Yes,11,No,Yes,No,Yes,Yes,No,No,No internet service,Yes,Month-to-month,No,Credit card (automatic),75.35,7931.55,Yes
C0016,Female,0,Yes,No,20,Yes,Yes,Fiber optic,No,No,No internet service,No internet service,No,No internet service,Month-to-month,No,Mailed check,112.73,7520.88,Yes
C0017,Male,0,No,Yes,11,No,Yes,No,Yes,No internet service,No internet service,No internet service,No internet service,No,Month-to-month,No,Credit card (automatic),34.61,3076.5,No
C0018,Female,0,No,No,14,No,No phone service,Fiber optic,Yes,Yes,No internet service,Yes,Yes,No internet service,One year,Yes,Electronic check,74.15,2606.31,No
C0019,Male,0,Yes,No,49,No,No phone service,DSL,No,Yes,No,No,No internet service,No,One year,No,Bank transfer (automatic),28.78,1184.16,No
C0020,Female,0,Yes,Yes,10,No,Yes,Fiber optic,Yes,No internet service,Yes,No,No,No internet service,One year,Yes,Mailed check,80.98,7790.29,No
C0021,Male,0,No,Yes,4,Yes,Yes,No,Yes,No,Yes,Yes,No internet service,No internet service,Month-to-month,No,Credit card (automatic),55.3,5340.73,No
C0022,Male,1,No,Yes,39,No,Yes,Fiber optic,No internet service,No internet service,No,No,No internet service,Yes,Two year,No,Bank transfer (automatic),116.7,287.59,Yes
C0023,Female,1,No,Yes,21,Yes,No phone service,No,Yes,No,No,No,No internet service,Yes,Two year,No,Bank transfer (automatic),60.37,4352.3,No
C0024,Female,1,Yes,Yes,33,No,No,DSL,Yes,No internet service,Yes,Yes,No internet service,No internet service,One year,Yes,Electronic check,31.89,745.75,No
C0025,Female,0,Yes,No,10,Yes,No phone service,No,No internet service,No internet service,Yes,No,Yes,Yes,Month-to-month,Yes,Bank transfer (automatic),103.07,4884.55,No
C0026,Male,0,No,Yes,15,Yes,No,DSL,No,No internet service,No internet service,No internet service,Yes,Yes,One year,No,Electronic check,101.73,4335.01,No
C0027,Female,0,No,No,32,Yes,No phone service,No,Yes,Yes,No internet service,Yes,No,No internet service,Two year,No,Mailed check,88.88,720.7,No
C0028,Female,1,No,Yes,49,No,No,Fiber optic,No,No,No internet service,No,No,Yes,Two year,Yes,Electronic check,94.38,6938.13,Yes
C0029,Male,0,Yes,No,30,Yes,Yes,No,No,Yes,Yes,Yes,Yes,Yes,Month-to-month,No,Electronic check,45.0,2242.97,No
C0030,Male,0,No,No,39,Yes,No phone service,No,Yes,Yes,Yes,Yes,No internet service,Yes,Two year,No,Bank transfer (automatic),83.49,4610.87,No
C0031,Male,0,Yes,Yes,38,No,No phone service,No,No,Yes,Yes,No internet service,Yes,No,Two year,No,Electronic check,21.88,5438.33,Yes
C0032,Male,1,Yes,No,20,Yes,No phone service,No,No,No,No internet service,No,No internet service,No,One year,Yes,Bank transfer (automatic),38.08,8180.27,No
C0033,Female,0,No,Yes,20,Yes,No phone service,Fiber optic,Yes,No,No,Yes,Yes,No internet service,One year,No,Credit card (automatic),113.09,4206.51,No
C0034,Female,0,No,Yes,31,Yes,Yes,No,No internet service,No internet service,No internet service,No,No,No internet service,One year,Yes,Electronic check,93.4,7798.67,Yes
C0035,Male,1,No,No,3,Yes,Yes,DSL,No,Yes,No,Yes,No internet service,No,Month-to-month,No,Bank transfer (automatic),41.53,3027.9,No
C0036,Female,1,No,No,49,No,No,DSL,No internet service,No,No,No,No,No internet service,One year,No,Mailed check,29.36,7290.78,No
C0037,Female,0,Yes,Yes,44,No,Yes,Fiber optic,Yes,No internet service,No,Yes,No internet service,Yes,Month-to-month,Yes,Mailed check,114.79,2018.28,No
C0038,Male,0,No,Yes,22,No,No,No,Yes,No internet service,No internet service,No,No internet service,No,Month-to-month,No,Bank transfer (automatic),29.44,6018.84,No
C0039,Female,1,Yes,Yes,27,Yes,Yes,No,No internet service,Yes,No,No,No internet service,Yes,One year,Yes,Bank transfer (automatic),44.22,769.61,No
C0040,Male,1,Yes,Yes,24,Yes,No,Fiber optic,No internet service,No internet service,No,No,No,Yes,One year,No,Bank transfer (automatic),36.63,8381.68,No
C0041,Female,1,No,Yes,47,Yes,No,Fiber optic,Yes,Yes,No internet service,No,No internet service,No internet service,Two year,Yes,Electronic check,18.76,8109.29,No
C0042,Female,0,No,Yes,54,Yes,No,Fiber optic,No internet service,No,No,Yes,No,Yes,One year,No,Bank transfer (automatic),50.04,3768.86,Yes
C0043,Male,0,No,No,8,No,No phone service,No,Yes,No,No internet service,Yes,No internet service,No,Two year,Yes,Mailed check,117.37,4462.02,No
C0044,Male,1,Yes,Yes,30,No,No,No,No,No internet service,No,Yes,No internet service,No,Two year,Yes,Mailed check,52.87,5088.33,Yes
C0045,Female,0,No,No,1,Yes,No,DSL,Yes,No internet service,No internet service,No,Yes,Yes,One year,Yes,Credit card (automatic),69.44,2350.87,No
C0046,Male,0,Yes,No,33,No,Yes,Fiber optic,No,No internet service,No,No,No,No internet service,Two year,No,Electronic check,94.09,5738.87,No
C0047,Female,1,No,No,18,No,No,Fiber optic,No internet service,No internet service,No,No internet service,No internet service,Yes,One year,Yes,Mailed check,74.21,5943.2,No
C0048,Female,1,No,Yes,24,Yes,Yes,No,No internet service,No,Yes,Yes,Yes,Yes,One year,Yes,Mailed check,93.85,4471.7,No
C0049,Female,0,No,No,33,No,Yes,Fiber optic,No internet service,No internet service,No,Yes,No internet service,No,Month-to-month,Yes,Electronic check,85.49,1271.14,No
C0050,Female,1,Yes,No,23,Yes,No,No,Yes,Yes,Yes,No internet service,Yes,Yes,Month-to-month,Yes,Credit card (automatic),80.07,7814.54,No
C0051,Male,0,Yes,Yes,28,Yes,Yes,Fiber optic,No internet service,No,No,No internet service,No internet service,No internet service,One year,Yes,Mailed check,84.26,993.81,Yes
C0052,Male,1,Yes,No,55,No,No,No,No,Yes,No internet service,No internet service,No internet service,Yes,Month-to-month,No,Bank transfer (automatic),99.51,5354.64,No
C0053,Male,1,No,Yes,58,No,Yes,DSL,No,No internet service,No,Yes,Yes,Yes,One year,No,Mailed check,90.44,892.4,Yes
C0054,Male,0,No,No,1,Yes,No phone service,No,No internet service,No internet service,No,Yes,No internet service,Yes,Month-to-month,No,Credit card (automatic),98.76,1257.23,No
C0055,Male,1,Yes,Yes,27,No,No phone service,DSL,No,No internet service,Yes,Yes,Yes,Yes,Month-to-month,No,Bank transfer (automatic),32.85,192.21,No
C0056,Female,0,No,No,61,No,Yes,Fiber optic,No,No internet service,No internet service,Yes,No,Yes,One year,No,Mailed check,87.12,3100.05,No
C0057,Male,1,No,Yes,38,No,No,No,No,Yes,No,No internet service,No internet service,No,One year,Yes,Credit card (automatic),93.18,5442.94,Yes
C0058,Female,0,Yes,Yes,15,Yes,No,No,No,No internet service,No,No internet service,Yes,Yes,Two year,No,Credit card (automatic),48.6,4441.74,No
C0059,Female,0,Yes,Yes,43,No,No,Fiber optic,No internet service,No,Yes,No internet service,Yes,Yes,Two year,Yes,Bank transfer (automatic),107.21,5739.44,No
C0060,Female,1,No,Yes,11,No,No,Fiber optic,No,No internet service,Yes,No internet service,No,Yes,Two year,No,Electronic check,49.08,5743.51,No
C0061,Female,1,No,Yes,2,No,No phone service,DSL,No,No internet service,Yes,No,No,Yes,Month-to-month,Yes,Bank transfer (automatic),42.87,1206.95,No
C0062,Male,0,Yes,Yes,45,No,No,No,Yes,No,No internet service,No,Yes,No,One year,No,Bank transfer (automatic),106.44,504.34,No
C0063,Female,1,No,Yes,37,No,Yes,DSL,No,Yes,No internet service,No internet service,No,No internet service,Month-to-month,Yes,Mailed check,43.2,5322.29,Yes
C0064,Male,1,No,No,54,No,No,DSL,No internet service,No,Yes,No internet service,Yes,Yes,Month-to-month,Yes,Electronic check,60.38,5558.65,No
C0065,Male,0,No,No,25,No,Yes,Fiber optic,No,No,Yes,No,Yes,No internet service,Month-to-month,Yes,Bank transfer (automatic),55.53,4739.96,No
C0066,Female,1,No,No,61,No,No,DSL,Yes,No internet service,No internet service,No internet service,Yes,No internet service,One year,No,Credit card (automatic),109.6,2102.56,Yes
C0067,Male,1,No,No,30,Yes,Yes,DSL,No,No,No,No,Yes,Yes,Month-to-month,Yes,Mailed check,64.43,6894.91,No
C0068,Male,0,Yes,Yes,53,Yes,Yes,Fiber optic,No internet service,No,Yes,No,No internet service,No,One year,Yes,Mailed check,88.82,659.97,No
C0069,Male,0,Yes,Yes,8,No,No phone service,No,Yes,No,No,No internet service,No internet service,No,Month-to-month,Yes,Electronic check,98.99,5381.27,No
C0070,Female,1,Yes,Yes,7,No,Yes,DSL,Yes,Yes,Yes,No,No,No,One year,No,Bank transfer (automatic),82.05,1039.33,No
C0071,Male,0,No,Yes,56,No,No phone service,No,No,Yes,Yes,No internet service,No internet service,Yes,One year,No,Credit card (automatic),114.26,5569.03,No
C0072,Male,1,Yes,Yes,60,Yes,No phone service,Fiber optic,No,Yes,No,No,No,No,Month-to-month,No,Credit card (automatic),99.86,3561.15,No
C0073,Male,1,Yes,No,67,No,No,DSL,Yes,No,No internet service,Yes,No internet service,Yes,Month-to-month,No,Mailed check,58.82,6108.95,No
C0074,Female,0,No,No,24,Yes,No phone service,No,No internet service,No,No internet service,Yes,Yes,No internet service,Two year,Yes,Electronic check,114.98,460.69,No
C0075,Male,0,Yes,No,2,Yes,Yes,Fiber optic,No internet service,No internet service,Yes,No,Yes,No,Two year,No,Mailed check,71.51,4726.21,No
C0076,Male,1,Yes,Yes,70,Yes,Yes,No,No,No internet service,No,No,No internet service,Yes,Month-to-month,Yes,Credit card (automatic),20.3,1246.85,No
C0077,Male,0,Yes,No,43,Yes,Yes,DSL,No,Yes,No internet service,No,Yes,No,Two year,Yes,Electronic check,44.52,5805.96,No
C0078,Female,0,Yes,Yes,18,No,No,DSL,Yes,Yes,No internet service,No internet service,No internet service,No internet service,Month-to-month,Yes,Electronic check,81.42,1035.46,Yes
C0079,Female,1,Yes,Yes,55,No,No,DSL,No internet service,No,No internet service,Yes,No,No internet service,Two year,Yes,Credit card (automatic),34.0,642.13,Yes
C0080,Female,1,No,Yes,65,Yes,No phone service,Fiber optic,No internet service,No internet service,Yes,Yes,No,Yes,Month-to-month,Yes,Bank transfer (automatic),77.57,6066.71,No
C0081,Male,1,Yes,No,21,No,No,No,No,Yes,Yes,No internet service,No,No internet service,One year,No,Electronic check,54.88,556.88,No
C0082,Male,1,Yes,Yes,55,Yes,Yes,No,No,Yes,Yes,No,No internet service,Yes,Month-to-month,No,Electronic check,72.51,1922.47,No
C0083,Female,1,No,Yes,56,Yes,No phone service,Fiber optic,No internet service,Yes,Yes,No,Yes,Yes,Month-to-month,Yes,Mailed check,18.19,7013.4,No
C0084,Female,0,Yes,Yes,36,No,No phone service,Fiber optic,No internet service,No,Yes,Yes,No internet service,Yes,One year,Yes,Bank transfer (automatic),104.54,6885.78,No
C0085,Female,1,No,Yes,45,Yes,No phone service,No,Yes,No internet service,Yes,No,No internet service,No internet service,Month-to-month,No,Credit card (automatic),54.92,7262.69,No
C0086,Male,1,No,Yes,20,No,No,Fiber optic,No internet service,No internet service,No,No,No internet service,No internet service,One year,Yes,Credit card (automatic),32.3,2783.98,No
C0087,Male,1,No,Yes,66,Yes,No,DSL,No internet service,No,No,No,No internet service,No,Month-to-month,No,Mailed check,62.67,4496.9,No
C0088,Female,1,Yes,Yes,70,Yes,No,DSL,No internet service,Yes,No,Yes,No internet service,No internet service,Month-to-month,Yes,Mailed check,67.59,6577.53,Yes
C0089,Female,0,Yes,Yes,70,No,No phone service,DSL,No,No,Yes,No,No,Yes,Two year,No,Credit card (automatic),83.02,1179.91,No
C0090,Male,1,No,Yes,53,No,Yes,Fiber optic,No,No,Yes,No,No,Yes,Two year,No,Credit card (automatic),71.51,6162.28,Yes
C0091,Female,0,Yes,Yes,4,Yes,No phone service,Fiber optic,Yes,Yes,No internet service,Yes,No,No internet service,Two year,Yes,Electronic check,22.44,844.88,No
C0092,Female,1,No,No,27,Yes,Yes,Fiber optic,No,No internet service,No,Yes,No internet service,No internet service,Month-to-month,Yes,Bank transfer (automatic),106.89,7764.19,No
C0093,Male,0,Yes,Yes,32,No,No,Fiber optic,Yes,No internet service,Yes,No internet service,No,Yes,One year,No,Bank transfer (automatic),64.56,5423.66,No
C0094,Female,0,Yes,No,69,Yes,Yes,No,No,Yes,No internet service,No internet service,No,Yes,Month-to-month,Yes,Electronic check,25.85,4202.22,No
C0095,Male,0,No,No,39,Yes,No,No,Yes,Yes,No internet service,No,Yes,No,Month-to-month,Yes,Credit card (automatic),96.83,4129.47,No
C0096,Male,1,No,Yes,39,No,No phone service,DSL,No,Yes,No internet service,No internet service,Yes,Yes,One year,Yes,Mailed check,85.34,1556.31,Yes
C0097,Female,1,No,Yes,11,Yes,No phone service,DSL,No,No internet service,Yes,No internet service,Yes,No internet service,One year,Yes,Bank transfer (automatic),84.24,2952.07,No
C0098,Female,0,No,Yes,57,No,No phone service,DSL,Yes,No,No,Yes,No,No internet service,One year,No,Mailed check,61.55,6185.46,Yes
C0099,Male,0,Yes,Yes,24,Yes,Yes,No,No internet service,Yes,No internet service,No,No,Yes,Month-to-month,Yes,Bank transfer (automatic),59.87,4606.28,No
C0100,Female,0,No,Yes,7,No,Yes,Fiber optic,No,Yes,No internet service,No internet service,No internet service,Yes,Two year,Yes,Credit card (automatic),72.71,4507.58,No
C0101,Male,0,No,Yes,71,No,No phone service,No,No internet service,Yes,Yes,Yes,No,No internet service,Two year,No,Mailed check,23.16,1674.08,No
C0102,Female,1,Yes,Yes,14,Yes,No,Fiber optic,Yes,No,No internet service,No internet service,Yes,No,Month-to-month,No,Mailed check,48.49,5873.65,No
C0103,Male,0,Yes,Yes,2,Yes,Yes,Fiber optic,No internet service,No internet service,No,Yes,No,Yes,Month-to-month,No,Credit card (automatic),118.77,3343.23,No
C0104,Female,0,No,No,6,Yes,No phone service,DSL,Yes,Yes,No,Yes,Yes,Yes,One year,No,Credit card (automatic),85.54,1568.11,No
C0105,Female,0,Yes,Yes,33,No,No,Fiber optic,No,Yes,No,No,No internet service,No internet service,One year,Yes,Credit card (automatic),60.73,8023.18,Yes
C0106,Female,0,No,No,8,No,Yes,DSL,No,No,No internet service,No,No internet service,No internet service,Two year,No,Credit card (automatic),40.68,4316.67,No
C0107,Female,1,Yes,Yes,60,No,No phone service,Fiber optic,No,No internet service,Yes,Yes,Yes,Yes,One year,Yes,Bank transfer (automatic),94.01,4496.81,No
C0108,Male,1,Yes,No,37,Yes,No,DSL,No,No,No,Yes,Yes,No internet service,Month-to-month,No,Credit card (automatic),44.55,8342.0,No
C0109,Female,0,Yes,Yes,23,Yes,No,DSL,No internet service,Yes,No internet service,No,Yes,Yes,Month-to-month,No,Credit card (automatic),34.56,3125.86,No
C0110,Male,1,Yes,No,1,No,No phone service,DSL,Yes,Yes,No,Yes,No,Yes,Month-to-month,No,Electronic check,33.76,8016.7,Yes
C0111,Female,0,No,No,35,No,No,No,No internet service,No internet service,Yes,No internet service,Yes,No,One year,No,Bank transfer (automatic),92.38,5912.36,Yes
C0112,Female,0,No,Yes,11,No,No,No,Yes,No internet service,Yes,No internet service,No internet service,No,Month-to-month,Yes,Electronic check,83.57,5387.92,No
C0113,Male,0,No,No,70,Yes,No,Fiber optic,Yes,No internet service,No,Yes,Yes,No internet service,Two year,Yes,Bank transfer (automatic),25.12,2006.34,Yes
C0114,Female,0,No,Yes,21,Yes,Yes,Fiber optic,Yes,No,No internet service,No,No,No internet service,Two year,No,Mailed check,29.73,456.99,No
C0115,Female,0,Yes,Yes,34,Yes,Yes,No,No internet service,No internet service,No,Yes,No,Yes,Month-to-month,Yes,Mailed check,82.65,3731.28,No
C0116,Male,1,No,No,2,Yes,No phone service,Fiber optic,Yes,No,No internet service,No,Yes,No,Two year,No,Credit card (automatic),76.25,104.27,No
C0117,Male,1,No,No,10,Yes,Yes,Fiber optic,No,Yes,No,No internet service,No internet service,No internet service,One year,No,Bank transfer (automatic),87.97,620.24,No
C0118,Male,1,No,Yes,15,No,No,Fiber optic,No,No,No,Yes,Yes,No,Month-to-month,Yes,Bank transfer (automatic),36.16,5067.56,No
C0119,Male,0,No,No,4,Yes,Yes,Fiber optic,No internet service,No internet service,Yes,Yes,No internet service,Yes,One year,No,Credit card (automatic),92.11,6162.97,No
C0120,Male,0,No,No,52,No,Yes,Fiber optic,No,No,No,Yes,No internet service,Yes,One year,No,Electronic check,113.48,1442.54,No
C0121,Female,0,No,No,68,No,No,No,No internet service,No internet service,Yes,No internet service,No,No,Month-to-month,No,Bank transfer (automatic),79.31,6231.07,No
C0122,Female,0,No,Yes,70,No,No phone service,Fiber optic,No internet service,No internet service,No internet service,Yes,No internet service,No,Two year,Yes,Electronic check,38.01,8073.57,No
C0123,Male,0,No,No,19,No,No,Fiber optic,No internet service,Yes,Yes,No,No,No,Month-to-month,Yes,Electronic check,87.31,6321.62,No
C0124,Female,1,No,Yes,57,Yes,Yes,DSL,No internet service,Yes,No internet service,No,Yes,Yes,Month-to-month,Yes,Electronic check,52.99,6673.95,No
C0125,Female,1,Yes,No,36,No,Yes,No,Yes,Yes,Yes,Yes,Yes,Yes,Month-to-month,Yes,Bank transfer (automatic),23.03,5961.44,No
C0126,Male,1,Yes,No,4,Yes,Yes,No,No,No internet service,No,Yes,No internet service,No,Month-to-month,Yes,Bank transfer (automatic),48.84,1924.22,Yes
C0127,Female,1,No,No,7,No,No phone service,DSL,No,No internet service,Yes,Yes,No,No internet service,Month-to-month,Yes,Credit card (automatic),110.37,3079.07,Yes
C0128,Female,1,Yes,No,39,No,Yes,DSL,Yes,Yes,Yes,No internet service,No internet service,No,One year,Yes,Mailed check,59.94,8069.68,No
C0129,Female,1,Yes,No,31,No,No,No,Yes,Yes,No internet service,No internet service,Yes,No,One year,Yes,Credit card (automatic),106.2,5626.39,No
C0130,Female,0,No,Yes,1,Yes,Yes,DSL,Yes,No,Yes,No internet service,No internet service,No internet service,Month-to-month,No,Mailed check,69.88,6710.51,Yes
C0131,Female,1,No,Yes,67,Yes,No,No,No internet service,No,No,Yes,No internet service,No internet service,Two year,No,Electronic check,70.73,8234.47,No
C0132,Male,1,No,No,52,Yes,No phone service,No,No,No internet service,No internet service,No,Yes,No internet service,Two year,No,Electronic check,18.53,1981.05,No
C0133,Female,1,Yes,Yes,36,Yes,No,No,Yes,No internet service,No,No,No,No,Two year,Yes,Electronic check,82.98,2746.55,No
C0134,Female,1,Yes,No,71,No,No,DSL,No internet service,Yes,Yes,No internet service,No internet service,No internet service,One year,No,Mailed check,29.0,5487.21,No
C0135,Male,0,No,Yes,69,Yes,Yes,Fiber optic,No internet service,Yes,No,Yes,Yes,No,Two year,No,Mailed check,66.83,224.6,Yes
C0136,Female,1,No,No,70,Yes,Yes,Fiber optic,No internet service,No,No,No internet service,Yes,No,One year,Yes,Credit card (automatic),44.55,4863.08,No
C0137,Male,0,Yes,Yes,19,No,No phone service,No,No internet service,No,Yes,Yes,Yes,No,One year,No,Electronic check,58.02,6877.29,No
C0138,Male,1,No,Yes,63,Yes,Yes,DSL,No internet service,No internet service,Yes,No,No,No internet service,Month-to-month,Yes,Mailed check,72.78,5195.78,No
C0139,Male,1,Yes,Yes,36,No,No,DSL,Yes,No,No,No internet service,Yes,No internet service,Two year,No,Credit card (automatic),19.48,2523.53,No
C0140,Female,1,No,Yes,52,Yes,Yes,DSL,No internet service,No,No,Yes,No,Yes,Month-to-month,Yes,Electronic check,47.03,6159.85,No
C0141,Male,0,No,Yes,62,Yes,Yes,No,No,Yes,Yes,Yes,No internet service,No internet service,One year,No,Mailed check,118.94,1256.64,No
C0142,Male,1,No,Yes,12,No,No,No,No,Yes,No,No internet service,Yes,Yes,Two year,Yes,Electronic check,23.85,7607.47,No
C0143,Male,1,No,No,32,No,No phone service,DSL,No,No internet service,No,Yes,Yes,No,Month-to-month,No,Bank transfer (automatic),50.58,873.96,No
C0144,Female,0,Yes,No,10,No,Yes,DSL,No,No internet service,Yes,No internet service,No,No internet service,One year,No,Credit card (automatic),50.78,7342.13,No
C0145,Female,0,Yes,No,20,No,No phone service,DSL,No,Yes,No,No,Yes,No,Month-to-month,Yes,Electronic check,56.7,4240.42,No
C0146,Male,1,Yes,No,30,Yes,No,No,No internet service,No internet service,No internet service,No,Yes,Yes,One year,Yes,Mailed check,87.85,3653.78,No
C0147,Male,1,No,No,61,No,No phone service,Fiber optic,Yes,No,No,No internet service,Yes,No,One year,Yes,Mailed check,43.27,4264.61,No
C0148,Female,1,No,No,62,Yes,Yes,DSL,Yes,No,No,No internet service,Yes,No,Month-to-month,Yes,Credit card (automatic),64.95,1716.15,Yes
C0149,Male,1,No,Yes,28,No,No phone service,DSL,Yes,No internet service,No internet service,Yes,No internet service,No,Two year,Yes,Credit card (automatic),83.78,3900.09,Yes
C0150,Female,0,Yes,No,24,Yes,Yes,Fiber optic,No internet service,No internet service,No,Yes,Yes,Yes,One year,No,Electronic check,50.88,7225.32,No
C0151,Male,1,Yes,Yes,38,No,No phone service,Fiber optic,No,Yes,Yes,Yes,No,No,One year,No,Mailed check,114.77,6811.7,No
C0152,Female,0,No,Yes,65,Yes,No,DSL,No,Yes,No,Yes,No internet service,Yes,Two year,No,Credit card (automatic),117.93,1400.98,No
C0153,Male,1,No,No,70,No,No,No,No,No internet service,No,No internet service,No,No,Month-to-month,No,Electronic check,30.21,5729.96,Yes
C0154,Male,0,No,Yes,17,No,Yes,Fiber optic,No,No internet service,No,No,No,No internet service,One year,No,Credit card (automatic),53.07,7285.69,No
C0155,Female,1,Yes,No,14,No,No,DSL,No,Yes,Yes,No internet service,No,No internet service,Two year,Yes,Electronic check,39.21,6971.27,Yes
C0156,Male,0,Yes,No,51,No,Yes,No,Yes,No internet service,Yes,Yes,No internet service,No,One year,No,Bank transfer (automatic),37.05,3628.21,No
C0157,Female,1,No,No,22,Yes,No,No,Yes,No,No,No internet service,Yes,No internet service,Month-to-month,Yes,Credit card (automatic),68.08,425.92,No
C0158,Female,0,No,No,15,Yes,No phone service,DSL,No internet service,No,No internet service,No internet service,Yes,Yes,Month-to-month,No,Bank transfer (automatic),75.51,7916.18,No
C0159,Female,0,Yes,No,3,No,Yes,DSL,No,Yes,No internet service,No internet service,No internet service,No internet service,Two year,Yes,Credit card (automatic),61.42,3375.9,No
C0160,Female,1,No,Yes,29,Yes,Yes,DSL,Yes,No internet service,No internet service,No,Yes,No,Two year,Yes,Bank transfer (automatic),45.8,3079.8,Yes
C0161,Female,0,Yes,No,28,Yes,Yes,No,No,No internet service,Yes,No internet service,Yes,No internet service,Two year,Yes,Electronic check,46.42,6460.21,No
C0162,Male,1,Yes,Yes,40,Yes,Yes,Fiber optic,No,No,No,No,Yes,No internet service,Month-to-month,No,Bank transfer (automatic),119.2,2257.01,No
C0163,Male,1,No,Yes,15,No,Yes,No,Yes,No internet service,No,No,Yes,No,Two year,No,Bank transfer (automatic),112.22,7098.33,No
C0164,Male,1,No,Yes,51,Yes,Yes,Fiber optic,Yes,No internet service,No,No,Yes,No,One year,No,Mailed check,25.74,663.07,Yes
C0165,Female,0,No,Yes,49,Yes,No,Fiber optic,No internet service,No internet service,No,Yes,No,No internet service,Two year,Yes,Electronic check,84.97,6300.71,No
C0166,Male,0,Yes,No,33,No,Yes,Fiber optic,Yes,No internet service,No,No internet service,No,Yes,Two year,No,Bank transfer (automatic),64.6,8209.83,No
C0167,Male,0,No,Yes,13,Yes,No phone service,No,Yes,No internet service,Yes,No internet service,Yes,Yes,Month-to-month,No,Bank transfer (automatic),88.26,8464.11,Yes
C0168,Male,1,No,No,36,Yes,No phone service,Fiber optic,No,No internet service,No internet service,No internet service,No internet service,No,Two year,Yes,Credit card (automatic),78.89,7853.71,Yes
C0169,Male,1,No,No,48,Yes,No phone service,No,No,No internet service,No internet service,No internet service,Yes,No,One year,No,Electronic check,108.7,7403.81,Yes
C0170,Male,1,Yes,No,27,No,No,No,No internet service,No,Yes,No,No internet service,No internet service,Two year,No,Bank transfer (automatic),24.83,2383.46,Yes
C0171,Male,1,No,No,19,Yes,Yes,No,No internet service,No internet service,No,No internet service,No internet service,Yes,Two year,Yes,Credit card (automatic),53.66,8217.11,No
C0172,Female,0,No,Yes,36,No,No phone service,No,Yes,Yes,No,Yes,No,No,Month-to-month,Yes,Credit card (automatic),118.52,7888.42,No
C0173,Female,0,No,Yes,26,Yes,Yes,Fiber optic,No,No,No internet service,No,No,Yes,Two year,Yes,Credit card (automatic),36.59,4550.55,No
C0174,Female,0,Yes,No,29,Yes,No,DSL,Yes,No,No internet service,Yes,Yes,Yes,Month-to-month,No,Electronic check,30.99,3428.42,No
C0175,Male,0,No,No,25,Yes,No,Fiber optic,No,No internet service,No,Yes,Yes,No internet service,Month-to-month,No,Electronic check,92.36,944.8,No
C0176,Female,0,Yes,No,22,Yes,No phone service,No,Yes,Yes,No internet service,No,No internet service,No internet service,Month-to-month,No,Bank transfer (automatic),97.3,5027.76,No
C0177,Male,0,Yes,Yes,51,Yes,No,No,Yes,No,No internet service,No,No,No internet service,Month-to-month,No,Mailed check,86.57,5960.03,No
C0178,Female,0,No,Yes,33,Yes,No phone service,Fiber optic,No internet service,Yes,No internet service,No internet service,Yes,Yes,Two year,Yes,Electronic check,97.17,3444.7,Yes
C0179,Female,0,Yes,Yes,34,Yes,No phone service,DSL,Yes,No internet service,Yes,No,No internet service,No,Month-to-month,Yes,Electronic check,88.76,3461.94,No
C0180,Female,1,No,Yes,47,No,No,Fiber optic,No,No internet service,No internet service,No,No internet service,No internet service,One year,Yes,Electronic check,31.85,4880.83,No
C0181,Male,1,Yes,Yes,26,No,No phone service,No,Yes,Yes,No,No,Yes,Yes,One year,Yes,Mailed check,80.04,253.66,No
C0182,Male,1,No,No,8,No,Yes,DSL,No internet service,No internet service,Yes,No,Yes,No internet service,Two year,No,Bank transfer (automatic),97.24,8142.62,No
C0183,Female,0,No,Yes,61,No,No phone service,DSL,No internet service,No,No internet service,No internet service,Yes,No internet service,One year,No,Electronic check,106.28,2476.98,No
C0184,Male,0,No,No,4,No,Yes,DSL,No,No internet service,No internet service,Yes,Yes,No,One year,No,Electronic check,43.12,1213.04,No
C0185,Male,0,Yes,No,41,No,No phone service,No,No internet service,No internet service,No,No,No,No,Two year,No,Mailed check,31.0,64.55,No
C0186,Male,0,Yes,No,19,No,No,Fiber optic,No,Yes,No,No,Yes,Yes,One year,Yes,Credit card (automatic),97.67,7286.15,No
C0187,Male,1,Yes,Yes,16,Yes,No phone service,DSL,Yes,Yes,No,Yes,No,No internet service,Two year,No,Credit card (automatic),44.17,7339.72,No
C0188,Male,1,Yes,Yes,3,No,Yes,DSL,Yes,No,Yes,No internet service,Yes,No internet service,Two year,Yes,Mailed check,21.26,826.39,No
C0189,Male,0,No,No,64,Yes,No,DSL,Yes,Yes,No internet service,No,No internet service,No internet service,Two year,No,Electronic check,102.17,1309.31,No
C0190,Female,0,Yes,Yes,31,No,No phone service,Fiber optic,Yes,Yes,Yes,Yes,No internet service,No internet service,Month-to-month,No,Electronic check,69.61,3817.11,No
C0191,Female,0,Yes,No,25,No,Yes,No,Yes,No internet service,No,No,No,No,Month-to-month,No,Credit card (automatic),51.32,1593.14,No
C0192,Female,0,Yes,No,53,Yes,Yes,Fiber optic,Yes,No internet service,Yes,No internet service,No,No internet service,One year,No,Mailed check,19.17,6259.23,Yes
C0193,Male,1,Yes,Yes,3,Yes,Yes,No,No,No,No internet service,No internet service,Yes,Yes,One year,Yes,Electronic check,21.6,510.29,Yes
C0194,Female,1,No,No,41,Yes,Yes,No,Yes,Yes,No internet service,Yes,Yes,No internet service,Month-to-month,No,Credit card (automatic),98.85,4680.63,No
C0195,Male,1,No,Yes,36,Yes,No,No,No,Yes,No,No,No,Yes,One year,No,Bank transfer (automatic),67.95,3264.84,Yes
C0196,Male,1,Yes,Yes,40,No,No,DSL,No,No internet service,No,Yes,Yes,No,Month-to-month,No,Mailed check,33.27,3961.68,No
C0197,Male,1,No,No,9,No,Yes,No,No internet service,Yes,No internet service,No,No,Yes,Month-to-month,Yes,Mailed check,54.57,3620.79,No
C0198,Male,1,No,No,68,No,Yes,DSL,No,Yes,No internet service,No,No,Yes,Two year,Yes,Electronic check,34.86,1317.1,No
C0199,Female,1,Yes,Yes,17,No,Yes,Fiber optic,No internet service,No,No internet service,No,Yes,No,Month-to-month,No,Credit card (automatic),29.51,1886.43,No
C0200,Male,1,Yes,No,49,Yes,No phone service,No,No,No,Yes,No internet service,No,No,Two year,Yes,Credit card (automatic),46.18,567.7,No
C0201,Female,0,Yes,No,54,Yes,No phone service,DSL,Yes,No,No,No,No,Yes,One year,No,Electronic check,74.05,995.85,No
C0202,Male,1,Yes,No,25,No,Yes,DSL,No,No,No internet service,No,No internet service,No internet service,Two year,Yes,Bank transfer (automatic),39.42,8312.5,Yes
C0203,Female,1,Yes,Yes,10,No,Yes,DSL,No,No internet service,Yes,Yes,Yes,Yes,Month-to-month,No,Electronic check,53.05,2391.15,No
C0204,Male,1,Yes,Yes,22,No,Yes,DSL,No,No,No internet service,Yes,No,No internet service,Two year,Yes,Mailed check,66.75,2622.19,Yes
C0205,Male,1,No,No,58,Yes,No phone service,Fiber optic,No,No internet service,Yes,No internet service,No internet service,Yes,One year,No,Bank transfer (automatic),60.84,1096.12,No
C0206,Female,1,Yes,No,65,No,No phone service,No,No,No,No internet service,No,Yes,No,Two year,Yes,Electronic check,31.12,6423.3,No
C0207,Female,1,No,No,67,No,No phone service,DSL,Yes,No,No,No internet service,No internet service,Yes,Month-to-month,No,Bank transfer (automatic),21.96,7856.58,No
C0208,Male,0,Yes,Yes,17,Yes,Yes,Fiber optic,Yes,No,No internet service,No,No internet service,No internet service,Two year,Yes,Electronic check,21.62,6716.66,No
C0209,Female,1,Yes,Yes,44,Yes,No,No,No internet service,No internet service,No internet service,No,No,No internet service,Month-to-month,No,Bank transfer (automatic),53.72,5214.21,No
C0210,Male,1,No,No,11,Yes,Yes,No,No internet service,No internet service,Yes,No,No internet service,Yes,One year,Yes,Mailed check,91.32,6915.84,No
C0211,Female,1,No,Yes,51,Yes,No phone service,DSL,Yes,Yes,No,No,No internet service,Yes,Month-to-month,No,Electronic check,31.39,3446.68,No
C0212,Female,0,No,Yes,30,Yes,No,Fiber optic,No internet service,No internet service,No internet service,Yes,Yes,No,Two year,No,Credit card (automatic),98.27,7308.26,No
C0213,Male,1,Yes,No,51,No,Yes,DSL,No internet service,No internet service,Yes,Yes,No internet service,No internet service,One year,No,Mailed check,91.0,6791.04,Yes
C0214,Female,0,Yes,No,49,No,No phone service,DSL,Yes,No internet service,No internet service,No,Yes,Yes,Two year,Yes,Credit card (automatic),18.4,32.63,No
C0215,Male,0,Yes,Yes,71,Yes,No,DSL,No internet service,Yes,Yes,No,Yes,Yes,One year,Yes,Credit card (automatic),20.73,4155.47,No
C0216,Male,1,Yes,Yes,35,No,No,Fiber optic,No,No internet service,No,No,Yes,No,Month-to-month,Yes,Electronic check,37.89,2262.48,No
C0217,Male,1,No,Yes,25,No,Yes,DSL,No internet service,Yes,No,No,No,Yes,One year,Yes,Bank transfer (automatic),23.72,749.43,No
C0218,Male,1,Yes,No,38,Yes,Yes,DSL,No,Yes,No internet service,Yes,No internet service,Yes,One year,No,Mailed check,72.2,7195.43,Yes
C0219,Female,0,Yes,Yes,12,Yes,No phone service,DSL,No,No internet service,No internet service,No internet service,No,Yes,Month-to-month,No,Bank transfer (automatic),22.04,85.43,No
C0220,Male,1,No,No,8,Yes,Yes,Fiber optic,Yes,Yes,No,No,No,No,Two year,Yes,Bank transfer (automatic),99.87,6211.25,Yes
C0221,Male,1,Yes,Yes,37,No,Yes,Fiber optic,Yes,No internet service,Yes,Yes,Yes,No internet service,Two year,No,Mailed check,68.28,8399.85,No
C0222,Female,1,Yes,No,59,No,No phone service,Fiber optic,No,No,No,No,No,No,One year,Yes,Bank transfer (automatic),92.25,4106.49,Yes
C0223,Male,1,Yes,No,38,No,Yes,DSL,No internet service,Yes,No,No internet service,No,Yes,One year,No,Mailed check,94.57,3166.86,Yes
C0224,Female,0,Yes,No,56,No,No,Fiber optic,No internet service,Yes,No internet service,No internet service,No,No,Two year,Yes,Credit card (automatic),69.69,5156.68,No
C0225,Male,1,No,No,13,Yes,No phone service,Fiber optic,No internet service,No internet service,No internet service,Yes,Yes,No,Two year,No,Credit card (automatic),112.39,6843.45,No
C0226,Female,0,No,No,32,Yes,No,DSL,No,No internet service,No,No internet service,Yes,Yes,Month-to-month,Yes,Electronic check,119.0,2055.82,No
C0227,Female,1,No,Yes,44,No,No,No,No,No,No internet service,No,No internet service,Yes,One year,Yes,Bank transfer (automatic),54.64,2144.45,No
C0228,Female,0,Yes,No,25,Yes,Yes,No,No,No internet service,Yes,No,No,Yes,Two year,Yes,Credit card (automatic),30.84,5168.08,No
C0229,Male,0,No,No,2,Yes,No,Fiber optic,No internet service,Yes,Yes,No,No,No internet service,Two year,Yes,Electronic check,55.05,7990.06,No
C0230,Male,1,No,No,6,Yes,No,Fiber optic,Yes,No,Yes,No internet service,Yes,No internet service,One year,No,Bank transfer (automatic),40.78,2549.37,No
C0231,Female,1,Yes,Yes,66,Yes,No,No,Yes,Yes,No internet service,Yes,No internet service,Yes,Two year,No,Credit card (automatic),72.16,3213.63,Yes
C0232,Male,1,No,No,43,Yes,Yes,Fiber optic,No internet service,No,Yes,Yes,No,Yes,One year,Yes,Electronic check,56.6,8443.45,No
C0233,Female,1,Yes,Yes,19,Yes,Yes,Fiber optic,No,Yes,No,No,No,No,One year,Yes,Bank transfer (automatic),67.01,1512.72,No
C0234,Male,1,No,No,19,Yes,No phone service,Fiber optic,No,No,No internet service,Yes,No internet service,Yes,One year,No,Credit card (automatic),95.85,670.84,Yes
C0235,Female,0,No,No,3,No,No phone service,DSL,No internet service,No,No internet service,No internet service,Yes,No internet service,Two year,No,Mailed check,45.95,5020.3,No
C0236,Female,0,Yes,Yes,68,No,No phone service,No,No internet service,No,No internet service,No internet service,No,No internet service,Two year,Yes,Electronic check,72.82,223.83,No
C0237,Male,0,Yes,No,8,No,Yes,DSL,Yes,No,Yes,No,No internet service,Yes,Month-to-month,No,Mailed check,52.19,1548.43,No
C0238,Male,0,Yes,No,54,No,No phone service,DSL,No,No,No,No internet service,No,Yes,Month-to-month,No,Mailed check,98.07,5295.58,No
C0239,Female,0,No,Yes,18,No,Yes,No,No,No,No,Yes,Yes,Yes,One year,No,Bank transfer (automatic),83.23,5611.98,No
C0240,Male,1,Yes,Yes,24,Yes,No,Fiber optic,No internet service,Yes,No internet service,No,Yes,No,Two year,No,Mailed check,18.87,4347.43,No
C0241,Female,1,No,Yes,20,No,Yes,Fiber optic,No internet service,Yes,No,No,Yes,No internet service,One year,Yes,Mailed check,85.33,3272.95,No
C0242,Male,1,Yes,No,59,No,No phone service,DSL,No,No,No,Yes,No,No,One year,Yes,Credit card (automatic),35.36,4905.31,Yes
C0243,Female,0,Yes,No,3,No,Yes,DSL,No internet service,No internet service,Yes,Yes,No,Yes,Month-to-month,No,Bank transfer (automatic),91.9,5475.2,No
C0244,Female,1,No,No,26,Yes,No phone service,No,No,No internet service,Yes,No,Yes,Yes,Month-to-month,Yes,Credit card (automatic),75.87,6833.13,No
C0245,Male,1,No,No,20,Yes,Yes,Fiber optic,No internet service,No,No,No,No internet service,Yes,Two year,Yes,Bank transfer (automatic),58.95,6742.11,No
C0246,Female,1,No,No,20,No,No phone service,DSL,No,No internet service,Yes,Yes,Yes,Yes,One year,No,Credit card (automatic),88.79,5656.84,No
C0247,Male,0,Yes,Yes,14,No,No,No,No,No internet service,No,No,No,No,Two year,Yes,Electronic check,105.37,7602.88,No
C0248,Female,0,Yes,Yes,65,No,Yes,Fiber optic,No,No,No internet service,No internet service,No internet service,No,Month-to-month,No,Credit card (automatic),97.43,7126.13,No
C0249,Male,1,Yes,Yes,27,No,Yes,No,No internet service,Yes,No,Yes,Yes,Yes,Month-to-month,Yes,Credit card (automatic),73.63,1148.19,Yes
C0250,Male,0,No,Yes,30,Yes,No phone service,Fiber optic,No,No,No,No internet service,Yes,Yes,Two year,Yes,Electronic check,91.71,8132.56,No
C0251,Male,0,No,No,28,Yes,Yes,Fiber optic,Yes,No,Yes,No,Yes,No internet service,Two year,Yes,Mailed check,60.22,7581.76,Yes
C0252,Male,0,Yes,Yes,70,No,Yes,No,Yes,Yes,No,No,No,No internet service,Two year,Yes,Mailed check,98.48,2740.1,No
C0253,Male,1,No,Yes,25,No,No,No,No,No internet service,No,No internet service,Yes,No,Month-to-month,No,Mailed check,102.56,189.2,Yes
C0254,Female,1,Yes,Yes,25,Yes,Yes,DSL,No internet service,No internet service,Yes,No,No internet service,No,Two year,No,Credit card (automatic),32.0,5140.92,No
C0255,Male,0,No,Yes,24,Yes,Yes,No,No,Yes,Yes,No internet service,Yes,No,One year,No,Bank transfer (automatic),42.28,3736.66,No
C0256,Female,0,No,Yes,24,Yes,No,No,No,No,No internet service,Yes,No internet service,No,Two year,No,Electronic check,45.54,6375.82,No
C0257,Male,1,No,Yes,7,Yes,No phone service,Fiber optic,No internet service,Yes,No internet service,Yes,No,Yes,Two year,Yes,Bank transfer (automatic),34.94,4467.66,No
C0258,Male,1,Yes,No,43,No,No phone service,DSL,No,Yes,No,No,Yes,No,One year,Yes,Credit card (automatic),58.04,666.79,No
C0259,Female,1,No,Yes,2,Yes,No phone service,DSL,No internet service,Yes,No internet service,Yes,Yes,No internet service,Month-to-month,No,Mailed check,37.69,2093.44,No
C0260,Female,0,Yes,Yes,17,No,Yes,DSL,No,No,Yes,Yes,Yes,No,Two year,Yes,Credit card (automatic),78.75,7503.57,Yes
C0261,Male,1,No,Yes,15,Yes,No,DSL,No internet service,Yes,Yes,No,Yes,No internet service,One year,No,Bank transfer (automatic),28.36,337.68,No
C0262,Male,0,Yes,No,21,No,Yes,No,No internet service,Yes,No internet service,No internet service,Yes,No,One year,No,Credit card (automatic),45.53,6266.43,Yes
C0263,Female,1,No,No,54,Yes,No phone service,No,No,No,Yes,Yes,No,Yes,One year,No,Credit card (automatic),85.88,2494.26,No
C0264,Female,0,Yes,No,43,No,No,Fiber optic,Yes,No,No,No internet service,Yes,No,Two year,No,Electronic check,58.65,3857.29,No
C0265,Female,0,Yes,No,71,No,Yes,Fiber optic,No,Yes,Yes,No,No internet service,No internet service,Month-to-month,No,Credit card (automatic),60.99,4521.99,No
C0266,Male,0,No,No,25,No,No phone service,No,Yes,No,Yes,Yes,Yes,No,Two year,No,Electronic check,99.39,2139.19,Yes
C0267,Male,0,No,No,66,No,Yes,Fiber optic,No,Yes,No,Yes,Yes,No,One year,No,Credit card (automatic),118.42,5547.93,No
C0268,Female,1,Yes,Yes,4,No,Yes,Fiber optic,Yes,No internet service,No,No internet service,Yes,Yes,Month-to-month,Yes,Credit card (automatic),75.64,5899.78,No
C0269,Female,0,No,No,36,No,No phone service,Fiber optic,No,No,No internet service,Yes,Yes,No internet service,Month-to-month,Yes,Mailed check,26.06,739.47,No
C0270,Male,0,Yes,Yes,57,Yes,No,DSL,No,No internet service,No internet service,No,No internet service,No,One year,No,Electronic check,28.5,3189.65,Yes
C0271,Male,0,Yes,Yes,38,Yes,No phone service,DSL,Yes,Yes,No,No internet service,Yes,Yes,Two year,Yes,Mailed check,116.79,6331.81,No
C0272,Male,1,Yes,No,67,Yes,No,Fiber optic,Yes,No internet service,No,No,Yes,No,One year,No,Mailed check,87.28,6138.93,No
C0273,Female,1,Yes,Yes,23,Yes,No phone service,No,No,No,Yes,Yes,No internet service,Yes,Month-to-month,Yes,Bank transfer (automatic),94.75,4637.33,No
C0274,Male,1,Yes,Yes,3,No,No,DSL,Yes,Yes,Yes,Yes,No,No internet service,One year,No,Electronic check,86.93,6614.24,Yes
C0275,Male,1,Yes,No,55,Yes,Yes,DSL,No internet service,No internet service,Yes,No internet service,Yes,No internet service,Month-to-month,No,Electronic check,36.32,931.04,No
C0276,Male,1,Yes,Yes,5,Yes,Yes,DSL,No internet service,Yes,No internet service,No,No internet service,Yes,Month-to-month,No,Mailed check,63.73,1020.67,No
C0277,Female,1,Yes,Yes,55,No,No phone service,No,No internet service,Yes,Yes,Yes,Yes,No internet service,Two year,No,Credit card (automatic),99.4,5594.82,No
C0278,Male,0,Yes,No,53,Yes,Yes,Fiber optic,Yes,No internet service,No,Yes,Yes,Yes,Two year,Yes,Mailed check,106.37,5898.86,No
C0279,Male,1,No,No,60,Yes,No,Fiber optic,No internet service,Yes,No internet service,No,No,No,Month-to-month,Yes,Mailed check,42.21,6926.82,No
C0280,Male,1,No,Yes,35,No,Yes,Fiber optic,No,No,No internet service,Yes,No internet service,No,One year,Yes,Electronic check,78.79,1553.55,No
C0281,Male,1,Yes,No,64,No,Yes,DSL,No,Yes,No,No,Yes,Yes,One year,Yes,Mailed check,34.02,4401.26,No
C0282,Female,0,Yes,No,13,No,No,No,Yes,Yes,Yes,Yes,No internet service,No internet service,One year,No,Mailed check,115.74,5623.17,Yes
C0283,Male,1,No,Yes,31,No,Yes,DSL,No,Yes,No,No internet service,Yes,No internet service,Two year,No,Mailed check,43.72,1915.42,Yes
C0284,Male,0,No,Yes,9,No,No,DSL,No internet service,Yes,No,No,No internet service,No,Month-to-month,Yes,Mailed check,92.12,4402.58,No
C0285,Female,0,No,Yes,55,No,No phone service,No,Yes,No,Yes,No internet service,Yes,Yes,Two year,Yes,Mailed check,41.57,5433.29,No
C0286,Male,1,No,Yes,51,Yes,Yes,Fiber optic,Yes,No,No internet service,Yes,No,No internet service,One year,No,Bank transfer (automatic),80.84,1836.96,No
C0287,Female,0,No,Yes,58,No,Yes,DSL,No,Yes,No internet service,No,No,No,Month-to-month,No,Mailed check,85.24,3203.53,Yes
C0288,Female,0,No,Yes,55,Yes,Yes,Fiber optic,No,No,Yes,Yes,Yes,No internet service,Two year,No,Credit card (automatic),51.5,1852.99,Yes
C0289,Male,1,Yes,Yes,22,Yes,No phone service,DSL,No,Yes,Yes,No,No,No,Two year,No,Bank transfer (automatic),101.52,7676.76,Yes
C0290,Female,0,Yes,Yes,5,No,No,No,No,No,Yes,No internet service,No internet service,Yes,One year,Yes,Bank transfer (automatic),108.31,2026.53,No
C0291,Male,1,Yes,Yes,66,No,No,No,Yes,No internet service,No internet service,Yes,No,Yes,Two year,Yes,Bank transfer (automatic),105.22,1042.92,No
C0292,Female,0,Yes,Yes,35,Yes,Yes,DSL,Yes,No internet service,Yes,No internet service,No,Yes,Month-to-month,Yes,Credit card (automatic),51.74,316.19,No
C0293,Male,0,No,Yes,7,No,No phone service,Fiber optic,Yes,No internet service,No internet service,No,No internet service,Yes,One year,Yes,Mailed check,93.92,399.3,No
C0294,Female,1,No,Yes,66,No,Yes,DSL,Yes,Yes,No internet service,No internet service,No internet service,Yes,One year,Yes,Credit card (automatic),75.07,1643.03,Yes
C0295,Female,1,No,No,71,No,No phone service,Fiber optic,No internet service,Yes,No,Yes,Yes,Yes,Two year,Yes,Electronic check,78.45,5176.82,No
C0296,Female,0,Yes,Yes,32,Yes,Yes,DSL,No internet service,No internet service,No,No internet service,No internet service,No internet service,One year,No,Electronic check,66.7,167.71,Yes
C0297,Male,1,Yes,No,55,No,No phone service,DSL,No,Yes,No internet service,No,No internet service,No internet service,Two year,Yes,Credit card (automatic),79.23,2450.16,No
C0298,Male,1,Yes,No,3,Yes,Yes,Fiber optic,Yes,No internet service,No internet service,Yes,No internet service,Yes,Month-to-month,No,Credit card (automatic),31.84,511.37,No
C0299,Male,0,No,No,7,No,Yes,No,No,No,Yes,Yes,No internet service,Yes,One year,No,Electronic check,59.7,3441.83,No
C0300,Male,1,Yes,No,20,Yes,No,No,No internet service,Yes,Yes,No internet service,No internet service,No internet service,Month-to-month,No,Bank transfer (automatic),36.12,430.03,Yes
C0301,Female,0,Yes,Yes,47,No,Yes,DSL,Yes,No internet service,No,No internet service,No internet service,No,One year,No,Bank transfer (automatic),46.57,5171.17,Yes
C0302,Male,1,No,No,10,Yes,Yes,No,No,No,Yes,Yes,Yes,No,Month-to-month,No,Electronic check,31.04,5857.21,No
C0303,Female,1,No,Yes,3,Yes,No,DSL,No,No internet service,Yes,No,No internet service,No internet service,Two year,Yes,Bank transfer (automatic),39.67,6221.21,Yes
C0304,Female,1,No,Yes,48,Yes,Yes,No,Yes,No,No internet service,No internet service,Yes,No,Month-to-month,Yes,Bank transfer (automatic),97.76,1920.88,No
C0305,Male,1,Yes,Yes,55,No,No,DSL,No,Yes,No,No,No,No internet service,Two year,No,Bank transfer (automatic),74.08,7384.62,No
C0306,Male,0,Yes,Yes,53,Yes,No phone service,Fiber optic,No,No internet service,No,Yes,No internet service,No,Two year,No,Bank transfer (automatic),20.41,5873.02,No
C0307,Female,0,Yes,Yes,57,No,Yes,DSL,No,Yes,Yes,No,Yes,No,One year,Yes,Credit card (automatic),98.43,498.51,No
C0308,Male,0,Yes,Yes,58,Yes,No,No,No internet service,No,Yes,No,No internet service,Yes,Two year,Yes,Electronic check,110.77,3756.58,Yes
C0309,Male,1,No,No,43,Yes,Yes,DSL,No,No,Yes,Yes,No,No,Two year,Yes,Bank transfer (automatic),107.8,6530.11,No
C0310,Female,1,Yes,No,37,No,No,No,Yes,No internet service,No,No internet service,Yes,No internet service,Month-to-month,Yes,Mailed check,101.95,2655.0,No
C0311,Female,0,Yes,Yes,61,No,Yes,DSL,Yes,No internet service,Yes,Yes,Yes,No,Two year,No,Credit card (automatic),119.21,3254.38,No
C0312,Male,1,No,No,25,Yes,Yes,Fiber optic,No,No,No,No internet service,No,Yes,One year,Yes,Mailed check,77.81,5358.3,No
C0313,Male,1,Yes,Yes,7,Yes,Yes,DSL,No internet service,No internet service,Yes,No internet service,No,No,Two year,No,Credit card (automatic),116.18,488.59,No
C0314,Male,1,Yes,Yes,54,Yes,No phone service,No,Yes,Yes,No,No internet service,No,No internet service,Two year,No,Bank transfer (automatic),114.78,8219.54,Yes
C0315,Female,0,Yes,No,20,No,Yes,Fiber optic,Yes,Yes,No,No internet service,Yes,No internet service,Two year,No,Electronic check,49.95,1497.95,Yes
C0316,Female,1,Yes,No,70,No,No phone service,No,No internet service,No internet service,Yes,Yes,Yes,No,One year,Yes,Credit card (automatic),106.07,244.23,No
C0317,Female,1,Yes,Yes,30,Yes,No phone service,No,No,No,No,Yes,Yes,No internet service,Month-to-month,Yes,Electronic check,98.83,63.15,No
C0318,Female,0,No,Yes,61,No,No,Fiber optic,Yes,No,Yes,No internet service,Yes,Yes,Month-to-month,Yes,Mailed check,97.13,3407.02,Yes
C0319,Female,0,No,Yes,4,Yes,Yes,DSL,Yes,Yes,Yes,No internet service,No internet service,No,Month-to-month,No,Mailed check,109.42,7518.24,No
C0320,Male,0,Yes,Yes,47,Yes,No phone service,DSL,No,Yes,No internet service,No internet service,Yes,No,Two year,No,Bank transfer (automatic),57.19,6971.22,No
C0321,Male,0,Yes,Yes,32,No,No phone service,DSL,No,No internet service,No internet service,No,No internet service,Yes,One year,Yes,Mailed check,58.81,7753.97,Yes
C0322,Female,1,Yes,No,33,No,Yes,No,No,No internet service,No,No,Yes,No internet service,One year,Yes,Bank transfer (automatic),83.29,4545.54,Yes
C0323,Female,1,No,No,19,Yes,No phone service,No,Yes,No internet service,No internet service,Yes,No,No internet service,One year,No,Bank transfer (automatic),93.26,3824.27,No
C0324,Female,1,No,Yes,69,No,No phone service,Fiber optic,No,No,No,Yes,No internet service,Yes,Month-to-month,No,Electronic check,107.73,3290.87,No
C0325,Male,0,No,No,28,Yes,Yes,No,No internet service,No,Yes,No,No,Yes,One year,No,Electronic check,107.34,411.72,No
C0326,Male,1,Yes,Yes,61,No,Yes,DSL,Yes,Yes,No internet service,Yes,Yes,No internet service,One year,No,Mailed check,91.58,7732.56,No
C0327,Male,0,Yes,Yes,31,Yes,No phone service,No,No,Yes,No,Yes,No,No internet service,Two year,No,Electronic check,115.6,4226.57,No
C0328,Male,1,Yes,Yes,4,Yes,Yes,Fiber optic,Yes,No,No,Yes,Yes,No internet service,Month-to-month,Yes,Credit card (automatic),36.22,3877.88,No
C0329,Female,0,Yes,No,63,Yes,No,DSL,No,No,No,Yes,No internet service,Yes,Two year,Yes,Mailed check,114.93,4387.65,No
C0330,Female,0,Yes,No,14,No,Yes,DSL,Yes,Yes,Yes,No internet service,No internet service,No internet service,Month-to-month,No,Mailed check,24.55,6754.02,No
C0331,Male,1,No,No,20,No,No phone service,Fiber optic,Yes,No,No internet service,No internet service,No,No internet service,One year,Yes,Bank transfer (automatic),74.67,1921.96,Yes
C0332,Male,0,Yes,Yes,62,Yes,Yes,Fiber optic,No internet service,No,No,No internet service,No,No internet service,One year,No,Credit card (automatic),27.2,6039.38,No
C0333,Female,1,No,No,64,No,Yes,DSL,Yes,No internet service,No,Yes,No,No internet service,Two year,No,Bank transfer (automatic),75.94,6046.75,No
C0334,Male,1,No,Yes,66,No,Yes,Fiber optic,No internet service,No internet service,Yes,No,No internet service,No internet service,One year,Yes,Bank transfer (automatic),57.79,7223.91,No
C0335,Female,1,No,Yes,31,Yes,Yes,DSL,No,No,No internet service,No internet service,No,No,Month-to-month,Yes,Credit card (automatic),26.32,91.65,Yes
C0336,Female,1,Yes,No,54,No,No,No,No,No,Yes,No,No internet service,Yes,One year,Yes,Credit card (automatic),84.11,1463.29,No
C0337,Male,0,No,Yes,24,No,Yes,Fiber optic,No,No internet service,Yes,No,No,Yes,One year,No,Electronic check,92.58,4013.42,No
C0338,Male,1,Yes,No,53,Yes,No phone service,DSL,No,No internet service,No internet service,No internet service,Yes,No internet service,One year,No,Electronic check,35.77,7232.28,Yes
C0339,Female,0,Yes,No,36,Yes,No,Fiber optic,No,Yes,Yes,No internet service,No internet service,No internet service,Month-to-month,No,Mailed check,88.83,8204.12,No
C0340,Female,1,Yes,No,4,Yes,Yes,No,No internet service,No internet service,No,No internet service,No,Yes,Month-to-month,No,Credit card (automatic),36.26,5063.68,No
C0341,Male,0,Yes,Yes,30,No,No phone service,Fiber optic,No internet service,Yes,No internet service,No,No internet service,No,One year,No,Credit card (automatic),32.01,1817.32,No
C0342,Female,0,No,Yes,34,No,No,No,Yes,No,No internet service,No,No,Yes,Month-to-month,Yes,Bank transfer (automatic),33.03,1583.65,Yes
C0343,Female,1,No,No,19,Yes,No phone service,Fiber optic,No internet service,Yes,No,No internet service,No,Yes,One year,Yes,Bank transfer (automatic),79.11,5441.76,No
C0344,Female,0,No,No,27,Yes,Yes,No,Yes,No internet service,No internet service,No internet service,No,No,Month-to-month,No,Electronic check,97.44,1799.81,Yes
C0345,Male,1,Yes,No,36,Yes,No phone service,DSL,No internet service,Yes,No internet service,No,No,No,Two year,No,Bank transfer (automatic),78.88,4709.29,No
C0346,Female,1,Yes,No,4,Yes,No,DSL,Yes,No internet service,No internet service,No,No internet service,No,Month-to-month,No,Electronic check,100.55,7098.87,No
C0347,Female,1,No,Yes,11,Yes,No phone service,Fiber optic,Yes,Yes,Yes,No,No,No,One year,Yes,Bank transfer (automatic),78.33,3324.45,Yes
C0348,Male,1,Yes,Yes,55,Yes,No,No,No internet service,Yes,No internet service,Yes,No internet service,No,Two year,Yes,Electronic check,99.33,3228.2,No
C0349,Male,1,No,No,25,No,No phone service,No,No internet service,No,Yes,No,No,No internet service,One year,Yes,Electronic check,117.61,324.54,No
C0350,Female,0,No,Yes,44,Yes,No,No,Yes,No internet service,No internet service,No,Yes,Yes,Month-to-month,Yes,Credit card (automatic),57.88,2173.15,No
C0351,Male,0,No,No,41,No,Yes,No,No,Yes,Yes,No internet service,No internet service,Yes,Month-to-month,No,Credit card (automatic),33.29,5940.06,No
C0352,Male,0,No,Yes,40,Yes,Yes,Fiber optic,No,Yes,Yes,No,No,No,One year,Yes,Bank transfer (automatic),31.81,3074.84,No
C0353,Male,1,Yes,No,30,Yes,No phone service,DSL,No,Yes,Yes,Yes,No internet service,No,Month-to-month,Yes,Bank transfer (automatic),78.94,1360.69,No
C0354,Female,0,Yes,No,35,No,No phone service,No,No,No,No,No internet service,No,No internet service,Two year,No,Electronic check,73.8,915.12,No
C0355,Female,0,Yes,Yes,59,No,No,Fiber optic,No internet service,Yes,Yes,No,No,No internet service,Two year,No,Bank transfer (automatic),36.79,824.24,No
C0356,Male,0,Yes,Yes,69,No,No phone service,DSL,No internet service,No internet service,Yes,Yes,No internet service,No,Two year,Yes,Bank transfer (automatic),107.97,5608.77,No
C0357,Female,0,Yes,No,19,No,Yes,DSL,No,Yes,No,No internet service,No,Yes,Two year,No,Bank transfer (automatic),115.59,5214.26,No
C0358,Male,0,No,Yes,48,Yes,Yes,No,No internet service,No internet service,No internet service,No,No internet service,Yes,One year,No,Mailed check,43.83,4416.1,No
C0359,Female,0,Yes,No,69,Yes,No,DSL,No internet service,No internet service,No,No,No,No,Month-to-month,No,Mailed check,39.1,4261.77,No
C0360,Female,0,No,No,1,No,No,DSL,Yes,No internet service,No,No internet service,Yes,No,One year,Yes,Credit card (automatic),39.82,1316.91,No
C0361,Female,0,No,No,56,No,No phone service,No,No internet service,No internet service,No,No internet service,Yes,No,Month-to-month,No,Mailed check,57.52,4264.13,No
C0362,Male,0,No,Yes,36,No,No phone service,DSL,No internet service,No internet service,No,No,No internet service,Yes,Two year,No,Credit card (automatic),105.03,526.39,No
C0363,Female,0,Yes,No,69,No,Yes,DSL,Yes,Yes,No,No,No,No internet service,One year,No,Credit card (automatic),78.79,7871.13,Yes
C0364,Male,1,No,Yes,42,Yes,No phone service,No,No internet service,No,No,No internet service,No,No,One year,No,Credit card (automatic),24.89,510.19,No
C0365,Female,0,Yes,No,60,Yes,No,Fiber optic,No internet service,No internet service,Yes,Yes,No internet service,No,Two year,Yes,Bank transfer (automatic),66.24,3610.38,Yes
C0366,Male,0,Yes,No,12,Yes,No phone service,No,No,No,Yes,No internet service,No,Yes,One year,No,Electronic check,27.21,22.84,Yes
C0367,Male,0,Yes,Yes,11,No,Yes,Fiber optic,No,No internet service,No internet service,No,No,No internet service,One year,No,Electronic check,59.43,6686.13,Yes
C0368,Male,1,Yes,Yes,66,No,Yes,DSL,No,No internet service,No,No internet service,No internet service,No,Month-to-month,No,Bank transfer (automatic),59.16,1427.46,No
C0369,Female,1,Yes,Yes,38,Yes,Yes,DSL,No internet service,No internet service,Yes,No,Yes,Yes,Month-to-month,Yes,Mailed check,84.13,7863.14,No
C0370,Male,1,Yes,No,40,No,No phone service,No,No internet service,Yes,Yes,No internet service,Yes,Yes,Month-to-month,No,Electronic check,74.04,391.02,No
C0371,Female,0,No,Yes,13,No,Yes,DSL,No internet service,No,No internet service,Yes,No internet service,No,One year,No,Credit card (automatic),107.22,6979.92,Yes
C0372,Male,0,Yes,Yes,17,Yes,No phone service,Fiber optic,No,Yes,Yes,No internet service,Yes,Yes,Two year,No,Credit card (automatic),19.66,5587.6,No
C0373,Male,0,Yes,No,59,Yes,No phone service,Fiber optic,Yes,Yes,Yes,Yes,No internet service,No internet service,Month-to-month,Yes,Mailed check,96.95,2136.26,Yes
C0374,Female,1,No,No,22,No,Yes,Fiber optic,No internet service,Yes,No internet service,No,Yes,No internet service,One year,Yes,Bank transfer (automatic),20.31,1734.92,No
C0375,Male,1,No,No,42,No,No phone service,No,Yes,No,No,Yes,Yes,No internet service,Month-to-month,No,Mailed check,49.04,3051.82,No
C0376,Female,1,No,No,23,Yes,Yes,Fiber optic,Yes,No,No,No internet service,No internet service,No,Month-to-month,No,Mailed check,107.73,7044.51,Yes
C0377,Female,1,Yes,No,19,Yes,Yes,Fiber optic,Yes,No internet service,No internet service,No internet service,No,No,Month-to-month,Yes,Bank transfer (automatic),88.42,7329.12,No
C0378,Male,1,No,No,12,Yes,No,Fiber optic,No internet service,No internet service,Yes,Yes,No internet service,No,One year,Yes,Mailed check,35.54,1504.77,No
C0379,Male,1,No,Yes,67,No,Yes,Fiber optic,No,No internet service,No,No internet service,No,No,One year,Yes,Credit card (automatic),68.06,3015.95,No
C0380,Male,1,Yes,No,67,Yes,Yes,No,Yes,Yes,No internet service,Yes,Yes,No,One year,Yes,Electronic check,91.63,2032.4,Yes
C0381,Female,0,Yes,No,9,No,Yes,DSL,Yes,No,No,No,No internet service,No,One year,Yes,Bank transfer (automatic),113.61,1058.26,No
C0382,Female,0,No,No,26,Yes,No,DSL,No,No internet service,Yes,Yes,Yes,No internet service,One year,Yes,Credit card (automatic),82.7,5501.18,No
C0383,Male,1,Yes,No,41,Yes,Yes,Fiber optic,No internet service,Yes,No internet service,Yes,Yes,Yes,Month-to-month,Yes,Credit card (automatic),20.52,2951.68,No
C0384,Male,0,Yes,No,28,Yes,Yes,Fiber optic,No internet service,No,No internet service,Yes,No internet service,Yes,Two year,No,Electronic check,68.97,1929.71,No
C0385,Male,0,No,Yes,52,No,No,DSL,No,No internet service,Yes,No,Yes,No internet service,One year,Yes,Electronic check,33.6,7363.39,Yes
C0386,Male,1,No,No,19,Yes,No,No,No,No internet service,Yes,No,No,No internet service,Month-to-month,No,Bank transfer (automatic),22.87,6365.23,No
C0387,Female,0,No,No,5,No,No phone service,Fiber optic,No internet service,No internet service,No internet service,No internet service,No,No internet service,One year,Yes,Credit card (automatic),79.05,6581.04,No
C0388,Female,1,No,Yes,24,Yes,Yes,DSL,No internet service,No,Yes,Yes,No internet service,No,One year,Yes,Credit card (automatic),97.25,350.46,No
C0389,Male,1,No,No,43,No,No,No,Yes,No,No internet service,No internet service,Yes,No,Two year,Yes,Credit card (automatic),21.68,7780.14,Yes
C0390,Female,0,Yes,Yes,13,Yes,No phone service,No,No internet service,No,Yes,Yes,Yes,Yes,Month-to-month,Yes,Electronic check,97.93,4892.93,No
C0391,Male,1,Yes,No,58,Yes,No,Fiber optic,No,No internet service,No internet service,Yes,No,Yes,Two year,No,Bank transfer (automatic),90.05,4291.26,Yes
C0392,Male,1,No,No,1,No,Yes,DSL,No internet service,No,No internet service,Yes,No,No internet service,One year,Yes,Bank transfer (automatic),94.7,107.78,No
C0393,Female,1,Yes,Yes,5,No,No,DSL,Yes,No,No,Yes,No internet service,No,Month-to-month,Yes,Bank transfer (automatic),42.96,7631.97,No
C0394,Female,0,Yes,Yes,37,No,No,Fiber optic,Yes,Yes,Yes,No,No,No,One year,No,Credit card (automatic),58.15,4631.28,No
C0395,Female,1,No,No,37,Yes,Yes,DSL,No internet service,No,No,No internet service,Yes,Yes,Two year,No,Electronic check,30.21,7016.95,No
C0396,Male,1,No,Yes,21,No,No,Fiber optic,No internet service,Yes,No internet service,No internet service,No internet service,No,Month-to-month,Yes,Mailed check,42.37,5578.04,No
C0397,Male,1,Yes,No,19,Yes,Yes,DSL,Yes,No,No internet service,No internet service,No,No internet service,Two year,Yes,Mailed check,48.88,6775.56,No
C0398,Male,0,Yes,Yes,5,No,No,DSL,No internet service,No internet service,Yes,No,No internet service,No,Two year,Yes,Credit card (automatic),50.58,5895.45,Yes
C0399,Male,0,No,No,48,No,No phone service,Fiber optic,Yes,No internet service,No,Yes,No internet service,No,Two year,No,Electronic check,35.85,7829.62,Yes
C0400,Female,1,Yes,No,27,No,No,No,No internet service,No,No internet service,No,Yes,No internet service,Month-to-month,No,Mailed check,37.25,1930.56,Yes
C0401,Female,0,No,No,9,No,No phone service,No,Yes,No internet service,Yes,No internet service,No,Yes,One year,Yes,Electronic check,109.95,1732.21,No
C0402,Male,0,No,Yes,29,No,Yes,DSL,Yes,No internet service,No internet service,Yes,No,Yes,One year,Yes,Electronic check,97.96,6061.78,No
C0403,Female,0,No,No,67,No,No phone service,DSL,No internet service,No,Yes,Yes,No,No,One year,No,Credit card (automatic),53.14,4270.83,No
C0404,Male,0,Yes,Yes,19,Yes,No phone service,Fiber optic,No internet service,No internet service,No internet service,No internet service,Yes,No,Two year,No,Credit card (automatic),114.66,5100.09,Yes
C0405,Female,0,No,Yes,64,Yes,No phone service,Fiber optic,Yes,No,Yes,Yes,No,No internet service,Month-to-month,No,Mailed check,42.37,6027.86,Yes
C0406,Male,0,Yes,Yes,19,No,No phone service,No,Yes,No internet service,Yes,No internet service,No,Yes,One year,No,Bank transfer (automatic),59.5,4661.29,No
C0407,Male,1,No,No,14,No,No,No,No,No,No,No internet service,Yes,Yes,Two year,No,Bank transfer (automatic),100.98,6699.22,Yes
C0408,Female,0,Yes,No,19,No,No,Fiber optic,Yes,Yes,No,No,Yes,No,Two year,Yes,Credit card (automatic),63.17,2722.63,No
C0409,Male,0,Yes,Yes,23,No,No phone service,DSL,No internet service,Yes,Yes,No,Yes,No,One year,Yes,Mailed check,41.93,7303.96,No
C0410,Male,0,No,Yes,9,Yes,No phone service,DSL,No internet service,No internet service,No,Yes,No internet service,No internet service,Two year,No,Credit card (automatic),55.59,931.31,No
C0411,Male,1,Yes,No,42,Yes,No,DSL,No internet service,Yes,Yes,No,No internet service,No,One year,No,Mailed check,69.07,5395.62,No
C0412,Male,0,No,Yes,24,No,Yes,Fiber optic,Yes,No internet service,No internet service,No internet service,No,No,One year,Yes,Bank transfer (automatic),81.31,7568.1,No
C0413,Male,1,No,Yes,51,No,Yes,DSL,Yes,Yes,Yes,No internet service,No,Yes,One year,Yes,Mailed check,59.37,2161.35,No
C0414,Male,1,Yes,No,35,Yes,Yes,DSL,No internet service,No,No,No,Yes,No,Month-to-month,No,Bank transfer (automatic),61.99,2790.21,No
C0415,Female,1,Yes,Yes,32,Yes,Yes,No,Yes,No,No internet service,No internet service,Yes,No,Month-to-month,Yes,Mailed check,44.92,2608.76,No
C0416,Female,1,No,No,34,Yes,Yes,No,No,No,Yes,No internet service,No internet service,No,Two year,No,Credit card (automatic),72.61,4804.08,No
C0417,Male,0,Yes,No,12,Yes,Yes,Fiber optic,No,Yes,Yes,Yes,Yes,No,Month-to-month,Yes,Bank transfer (automatic),40.38,3519.98,No
C0418,Male,1,Yes,Yes,51,No,No phone service,No,No internet service,Yes,No internet service,No,Yes,No,One year,Yes,Mailed check,106.49,933.71,No
C0419,Female,0,Yes,Yes,8,No,Yes,No,Yes,No,Yes,No,No internet service,Yes,One year,No,Credit card (automatic),94.23,7577.9,Yes
C0420,Female,1,Yes,No,52,No,No,No,No internet service,No,No internet service,No,No,Yes,One year,Yes,Bank transfer (automatic),59.85,1754.07,No
C0421,Female,1,No,No,71,No,No,No,No internet service,No internet service,No,No internet service,Yes,Yes,One year,Yes,Mailed check,94.22,4548.07,No
C0422,Female,1,Yes,No,55,Yes,Yes,DSL,Yes,No,No internet service,No internet service,No,No,Two year,Yes,Electronic check,18.71,5063.14,No
C0423,Female,1,No,Yes,33,Yes,No phone service,No,No,Yes,Yes,No,No internet service,No internet service,Two year,No,Credit card (automatic),53.14,363.66,No
C0424,Male,0,Yes,No,23,Yes,No phone service,No,Yes,Yes,Yes,Yes,No,No internet service,Two year,No,Credit card (automatic),62.91,829.83,No
C0425,Male,1,No,No,62,Yes,No phone service,No,No,No,No internet service,No internet service,No,Yes,One year,Yes,Bank transfer (automatic),65.92,8259.87,Yes
C0426,Female,1,Yes,Yes,19,No,No phone service,Fiber optic,Yes,No,No internet service,No internet service,No,Yes,Two year,Yes,Credit card (automatic),94.37,5654.39,No
C0427,Female,1,Yes,No,35,Yes,No,No,Yes,No internet service,No internet service,No internet service,No,No,One year,Yes,Bank transfer (automatic),116.21,302.7,No
C0428,Male,0,No,No,55,Yes,No phone service,No,No,No,Yes,No,No internet service,Yes,One year,Yes,Electronic check,56.76,6754.4,No
C0429,Female,1,Yes,Yes,66,No,Yes,No,No,No,No,Yes,Yes,No,Two year,Yes,Electronic check,53.76,4331.46,No
C0430,Male,0,Yes,Yes,66,No,No phone service,No,Yes,Yes,No,No,Yes,No,Two year,No,Electronic check,80.27,655.84,Yes
C0431,Female,0,No,No,7,Yes,No phone service,No,Yes,Yes,No,Yes,Yes,No internet service,Month-to-month,Yes,Electronic check,46.69,5792.14,No
C0432,Female,0,Yes,Yes,64,Yes,Yes,Fiber optic,Yes,No internet service,Yes,No,No,No,Two year,Yes,Bank transfer (automatic),32.42,4253.5,No
C0433,Male,1,Yes,Yes,9,No,No,No,No internet service,No,No,No internet service,No,No internet service,Two year,No,Credit card (automatic),116.08,1756.13,No
C0434,Male,0,Yes,Yes,42,No,No,Fiber optic,No,No,No,Yes,No,No,Two year,Yes,Electronic check,100.57,7462.67,No
C0435,Male,0,No,No,67,No,Yes,No,Yes,No,Yes,No internet service,No internet service,No internet service,Two year,No,Bank transfer (automatic),115.77,2489.48,Yes
C0436,Female,0,No,Yes,47,Yes,No phone service,No,Yes,Yes,No,Yes,No,No,Two year,No,Electronic check,40.22,2431.61,No
C0437,Female,1,No,No,68,Yes,Yes,No,No internet service,No,Yes,Yes,Yes,No,Month-to-month,No,Mailed check,19.82,2331.67,No
C0438,Male,0,No,No,25,Yes,Yes,Fiber optic,Yes,No,Yes,No internet service,No,No,Month-to-month,Yes,Credit card (automatic),62.6,6527.56,No
C0439,Male,1,Yes,No,23,No,Yes,Fiber optic,No internet service,Yes,Yes,Yes,No,No,Month-to-month,Yes,Credit card (automatic),113.23,6007.3,No
C0440,Female,1,Yes,No,24,No,No phone service,DSL,No,No,No,No internet service,No,No internet service,Month-to-month,Yes,Credit card (automatic),32.11,7678.48,No
C0441,Male,1,Yes,Yes,26,No,Yes,Fiber optic,Yes,No,Yes,No internet service,No,No,Month-to-month,Yes,Mailed check,29.95,1963.26,No
C0442,Male,1,Yes,Yes,49,No,No,Fiber optic,Yes,Yes,No,Yes,No internet service,Yes,One year,No,Credit card (automatic),25.03,6687.94,No
C0443,Male,0,Yes,Yes,33,No,No phone service,Fiber optic,Yes,No,No,Yes,Yes,No,Month-to-month,No,Credit card (automatic),96.03,4878.57,No
C0444,Female,0,No,No,53,Yes,Yes,No,No internet service,No internet service,No internet service,Yes,Yes,No,Month-to-month,Yes,Mailed check,98.16,2636.22,No
C0445,Female,0,No,No,30,Yes,No phone service,No,No,Yes,Yes,Yes,No,No,One year,Yes,Mailed check,88.93,318.72,No
C0446,Male,1,No,Yes,22,No,Yes,DSL,No,No internet service,No,No internet service,Yes,Yes,Two year,No,Electronic check,23.44,6964.31,No
C0447,Female,1,No,No,14,Yes,No phone service,Fiber optic,Yes,No,Yes,No internet service,Yes,Yes,Month-to-month,Yes,Credit card (automatic),91.78,2062.77,No
C0448,Female,1,No,No,40,Yes,Yes,No,No internet service,No internet service,No,No internet service,No,Yes,One year,No,Electronic check,63.76,5376.44,No
C0449,Male,0,Yes,Yes,64,Yes,Yes,No,Yes,Yes,No,No internet service,No,No,One year,No,Mailed check,34.11,4673.5,Yes
C0450,Female,0,No,Yes,61,Yes,No phone service,No,No,No internet service,No internet service,No internet service,No,Yes,Two year,No,Mailed check,48.1,55.74,No
C0451,Female,0,No,Yes,18,No,No phone service,No,No internet service,No,No,No internet service,Yes,No,Month-to-month,Yes,Electronic check,69.12,8452.02,No
C0452,Male,0,Yes,Yes,34,No,No phone service,No,No internet service,No internet service,No internet service,No internet service,No internet service,Yes,Two year,No,Credit card (automatic),51.62,6925.14,No
C0453,Male,0,Yes,Yes,51,No,No phone service,No,No,No internet service,Yes,No,No,Yes,Month-to-month,Yes,Bank transfer (automatic),116.91,4144.25,No
C0454,Female,1,No,No,44,Yes,No,Fiber optic,No internet service,Yes,Yes,No internet service,Yes,Yes,Month-to-month,Yes,Electronic check,66.42,5788.66,No
C0455,Female,0,Yes,No,5,Yes,Yes,DSL,Yes,Yes,Yes,Yes,Yes,Yes,Month-to-month,Yes,Electronic check,55.96,4060.47,No
C0456,Male,1,No,No,42,Yes,Yes,Fiber optic,No internet service,Yes,No,No,Yes,Yes,Two year,No,Electronic check,86.66,6333.58,No
C0457,Female,0,No,Yes,3,Yes,No,No,No,No,Yes,No internet service,No,No internet service,Month-to-month,No,Credit card (automatic),84.36,1157.37,No
C0458,Female,0,Yes,No,9,No,No,DSL,No,No internet service,Yes,Yes,No,Yes,Two year,Yes,Mailed check,18.25,3803.95,No
C0459,Male,1,Yes,Yes,47,No,No,No,Yes,No,Yes,Yes,No,No,Two year,Yes,Bank transfer (automatic),81.08,2864.03,No
C0460,Female,1,Yes,Yes,8,No,Yes,Fiber optic,No internet service,Yes,No internet service,Yes,No,No,Two year,No,Electronic check,42.86,3916.8,Yes
C0461,Male,0,Yes,No,25,Yes,No,No,No internet service,Yes,No internet service,Yes,No internet service,No internet service,Month-to-month,No,Electronic check,56.27,3838.91,Yes
C0462,Female,0,Yes,No,42,No,Yes,DSL,No internet service,No,Yes,No,No internet service,No,Month-to-month,No,Bank transfer (automatic),90.05,1231.72,No
C0463,Male,0,No,Yes,47,Yes,Yes,No,Yes,No internet service,No internet service,No internet service,No,No,Month-to-month,Yes,Electronic check,74.85,8300.58,No
C0464,Male,1,Yes,Yes,32,Yes,Yes,Fiber optic,No,Yes,Yes,Yes,No internet service,No internet service,Two year,Yes,Bank transfer (automatic),55.6,149.4,No
C0465,Female,0,Yes,No,7,No,No,Fiber optic,No internet service,No,No,No internet service,No internet service,No internet service,Month-to-month,Yes,Credit card (automatic),35.08,103.44,Yes
C0466,Male,1,Yes,No,57,Yes,No,Fiber optic,No,No,Yes,No internet service,No internet service,Yes,One year,No,Mailed check,69.56,3185.53,No
C0467,Female,0,No,Yes,68,Yes,Yes,Fiber optic,No internet service,Yes,No,No internet service,Yes,No internet service,One year,Yes,Bank transfer (automatic),50.58,5280.03,No
C0468,Male,1,Yes,No,64,No,No,No,No internet service,No internet service,No internet service,No internet service,No,No,Two year,Yes,Credit card (automatic),111.12,1541.82,No
C0469,Female,0,Yes,No,54,Yes,Yes,DSL,Yes,No internet service,No internet service,Yes,No,Yes,One year,No,Credit card (automatic),72.5,4540.55,No
C0470,Female,1,No,Yes,29,No,Yes,No,No,No,No,No,Yes,No,One year,No,Electronic check,106.33,6148.55,No
C0471,Female,1,Yes,No,63,Yes,Yes,No,Yes,No internet service,No,No internet service,Yes,No internet service,Two year,Yes,Electronic check,57.8,815.82,No
C0472,Male,0,Yes,No,35,No,No,DSL,No,No internet service,No internet service,No internet service,No,Yes,Two year,No,Credit card (automatic),102.4,8367.87,No
C0473,Male,0,Yes,No,10,Yes,No phone service,DSL,No,No internet service,Yes,No,No,Yes,One year,No,Credit card (automatic),23.77,2873.89,No
C0474,Female,1,Yes,Yes,61,Yes,Yes,Fiber optic,No internet service,Yes,No,No internet service,No internet service,No internet service,One year,Yes,Mailed check,48.41,5466.97,No
C0475,Female,0,Yes,Yes,23,No,Yes,No,No internet service,Yes,Yes,No internet service,No internet service,No,One year,Yes,Bank transfer (automatic),25.97,957.13,No
C0476,Female,0,No,No,67,Yes,Yes,No,No,No,No internet service,Yes,Yes,Yes,Two year,Yes,Bank transfer (automatic),21.23,6035.86,No
C0477,Male,0,Yes,No,27,No,No,No,No,Yes,No,No internet service,No internet service,No internet service,One year,Yes,Bank transfer (automatic),111.72,7146.75,Yes
C0478,Female,0,Yes,Yes,62,Yes,No phone service,No,No,Yes,No,Yes,No,No,One year,Yes,Credit card (automatic),91.12,911.03,No
C0479,Male,0,Yes,No,39,No,Yes,Fiber optic,No,No,No,No,No,Yes,Two year,Yes,Mailed check,81.76,1085.57,No
C0480,Male,0,No,No,34,No,No,Fiber optic,No,No,Yes,Yes,No internet service,Yes,Two year,No,Credit card (automatic),72.31,2401.84,No
C0481,Female,0,No,Yes,22,Yes,No phone service,DSL,No internet service,Yes,Yes,No internet service,No,No,One year,No,Electronic check,76.09,119.24,No
C0482,Male,0,Yes,No,60,Yes,No phone service,Fiber optic,No internet service,Yes,No internet service,Yes,Yes,Yes,Month-to-month,No,Electronic check,83.15,8381.69,Yes
C0483,Female,0,Yes,Yes,5,No,No,DSL,No internet service,Yes,Yes,No,Yes,No,Month-to-month,Yes,Credit card (automatic),102.31,5093.49,Yes
C0484,Male,0,Yes,Yes,34,No,No phone service,DSL,Yes,No,Yes,No internet service,No,Yes,One year,No,Electronic check,78.88,5171.57,No
C0485,Male,1,Yes,Yes,27,Yes,No phone service,No,No,No internet service,Yes,No internet service,Yes,Yes,Two year,No,Credit card (automatic),94.36,8151.92,Yes
C0486,Male,0,Yes,Yes,39,Yes,No phone service,No,No,No,No internet service,Yes,Yes,No internet service,Two year,No,Mailed check,46.66,7075.27,Yes
C0487,Female,0,Yes,No,19,No,Yes,Fiber optic,No,Yes,Yes,No internet service,No internet service,Yes,Two year,No,Mailed check,117.63,6924.41,No
C0488,Female,0,No,Yes,48,No,Yes,DSL,No,No,No internet service,No,Yes,No internet service,Month-to-month,Yes,Electronic check,21.25,2897.66,Yes
C0489,Female,1,Yes,No,28,Yes,Yes,DSL,No internet service,Yes,No,No internet service,Yes,Yes,One year,No,Credit card (automatic),57.43,2858.31,No
C0490,Female,0,Yes,Yes,14,Yes,No phone service,DSL,No,Yes,No internet service,No,No,No,Two year,No,Mailed check,107.97,2492.52,No
C0491,Female,0,Yes,No,14,No,No,No,Yes,Yes,No,Yes,Yes,Yes,Two year,No,Electronic check,36.41,2958.67,No
C0492,Female,0,No,Yes,50,Yes,Yes,DSL,No,No,Yes,Yes,Yes,No,Month-to-month,Yes,Mailed check,32.42,3152.17,No
C0493,Female,0,No,No,19,Yes,No,DSL,No internet service,No,No,Yes,No internet service,No,Two year,No,Electronic check,55.27,1205.51,Yes
C0494,Male,0,Yes,No,22,No,Yes,No,Yes,No,No,No internet service,No,Yes,Month-to-month,No,Credit card (automatic),61.68,3037.15,No
C0495,Male,0,Yes,No,45,Yes,No phone service,No,Yes,No,Yes,No internet service,No internet service,No,Month-to-month,No,Electronic check,113.21,3807.31,No
C0496,Male,1,No,Yes,24,No,No,No,No internet service,No,No,No,No,No internet service,Two year,Yes,Mailed check,103.28,2641.88,No
C0497,Male,1,No,Yes,28,Yes,No phone service,DSL,Yes,No internet service,Yes,No internet service,No,No,Two year,Yes,Mailed check,65.34,1420.47,No
C0498,Female,0,Yes,Yes,18,No,Yes,Fiber optic,No,No internet service,No internet service,Yes,Yes,Yes,Two year,No,Electronic check,117.24,3185.27,No
C0499,Male,1,No,Yes,25,Yes,No,DSL,No internet service,Yes,No internet service,No internet service,No,No internet service,One year,No,Electronic check,83.51,4097.06,No
C0500,Male,1,No,Yes,50,No,Yes,No,Yes,No internet service,Yes,Yes,Yes,Yes,One year,Yes,Bank transfer (automatic),107.11,6131.22,No
C0501,Female,0,Yes,No,38,Yes,No phone service,DSL,No,Yes,No,Yes,No internet service,Yes,One year,No,Mailed check,43.1,6050.72,Yes
C0502,Female,0,No,Yes,71,Yes,No,No,Yes,Yes,No,No internet service,Yes,No,One year,No,Electronic check,67.87,1737.26,No
C0503,Female,0,Yes,Yes,55,No,No,Fiber optic,Yes,No,Yes,No,Yes,Yes,One year,Yes,Electronic check,21.03,328.91,No
C0504,Male,1,Yes,Yes,2,No,No,No,Yes,Yes,No,Yes,No,Yes,Month-to-month,Yes,Credit card (automatic),18.91,2594.83,No
C0505,Male,0,Yes,No,27,No,Yes,Fiber optic,Yes,No,Yes,No internet service,No,No internet service,Two year,No,Bank transfer (automatic),89.96,1350.83,Yes
C0506,Female,1,Yes,No,21,Yes,No phone service,DSL,No,Yes,Yes,Yes,Yes,No,One year,No,Bank transfer (automatic),30.07,3375.08,No
C0507,Male,0,No,No,42,Yes,No,No,No,No,No internet service,No internet service,No,No internet service,One year,No,Credit card (automatic),73.88,8324.81,No
C0508,Male,1,Yes,Yes,19,No,No phone service,Fiber optic,Yes,No internet service,No,Yes,Yes,No,Two year,No,Electronic check,88.99,1553.85,No
C0509,Male,1,Yes,Yes,69,No,Yes,Fiber optic,No internet service,No internet service,No internet service,Yes,No internet service,No,One year,Yes,Bank transfer (automatic),21.29,2722.69,No
C0510,Female,0,Yes,No,22,Yes,Yes,Fiber optic,No internet service,Yes,No,Yes,No,No internet service,One year,Yes,Credit card (automatic),63.77,6168.42,No
C0511,Female,0,No,No,38,No,No phone service,Fiber optic,Yes,No,No internet service,No,No internet service,Yes,Month-to-month,No,Electronic check,87.78,4336.89,No
C0512,Female,1,No,Yes,9,No,Yes,Fiber optic,No internet service,No,No internet service,Yes,No internet service,No,Month-to-month,No,Bank transfer (automatic),108.75,390.6,No
C0513,Female,0,No,Yes,65,No,Yes,DSL,Yes,No,No,Yes,No,No internet service,One year,Yes,Credit card (automatic),48.52,1389.45,No
C0514,Female,0,Yes,Yes,65,No,No phone service,DSL,No,No,No,No internet service,No internet service,Yes,One year,No,Bank transfer (automatic),117.37,7950.79,No
C0515,Male,1,No,No,57,No,Yes,DSL,No,No internet service,No,No,Yes,No internet service,Two year,Yes,Electronic check,104.14,893.05,No
C0516,Female,0,No,Yes,25,No,Yes,DSL,No,No,No internet service,No,No internet service,Yes,Two year,Yes,Bank transfer (automatic),84.36,5404.86,No
C0517,Male,0,No,No,5,No,No,No,No internet service,Yes,No,Yes,No,No,Two year,Yes,Credit card (automatic),57.98,6738.51,No
C0518,Male,0,Yes,No,51,No,Yes,DSL,No internet service,No internet service,No,Yes,No internet service,No internet service,One year,Yes,Electronic check,90.53,2269.45,Yes
C0519,Female,0,No,No,31,No,Yes,DSL,Yes,No internet service,Yes,Yes,Yes,Yes,Month-to-month,No,Bank transfer (automatic),101.25,6168.11,No
C0520,Male,1,Yes,No,71,Yes,Yes,DSL,No,Yes,No internet service,No internet service,Yes,No internet service,Two year,No,Bank transfer (automatic),48.94,1459.05,No
C0521,Male,1,Yes,Yes,50,No,Yes,No,No internet service,No,No,Yes,No internet service,Yes,Two year,Yes,Mailed check,119.27,2433.25,No
C0522,Male,0,Yes,No,39,No,Yes,Fiber optic,No internet service,No internet service,Yes,Yes,No,Yes,One year,No,Electronic check,110.68,2662.87,No
C0523,Female,0,Yes,Yes,71,No,No phone service,DSL,No internet service,No,No,No internet service,Yes,No,Two year,No,Electronic check,67.52,8469.76,No
C0524,Male,1,Yes,Yes,57,No,Yes,Fiber optic,No,No,No,No,No,No,Two year,No,Credit card (automatic),91.73,1838.0,Yes
C0525,Male,0,Yes,Yes,33,Yes,Yes,DSL,Yes,No internet service,Yes,No internet service,Yes,No internet service,One year,Yes,Credit card (automatic),71.45,1113.94,No
C0526,Female,0,Yes,Yes,2,No,Yes,DSL,No,No internet service,No internet service,No,No,No internet service,Month-to-month,No,Mailed check,95.61,7869.71,Yes
C0527,Male,0,No,Yes,7,Yes,No,DSL,No internet service,No,No internet service,No internet service,No internet service,No internet service,Month-to-month,Yes,Credit card (automatic),102.35,1391.5,No
C0528,Female,0,Yes,Yes,32,Yes,No phone service,No,No internet service,Yes,No internet service,No internet service,No internet service,No,Two year,Yes,Credit card (automatic),20.37,7476.05,No
C0529,Female,1,No,Yes,40,Yes,No,DSL,No internet service,No,No,No,No,Yes,One year,No,Bank transfer (automatic),26.07,5535.17,No
C0530,Female,0,No,Yes,3,No,Yes,Fiber optic,No internet service,No internet service,Yes,No internet service,No,No internet service,Month-to-month,Yes,Bank transfer (automatic),52.32,4910.94,No
C0531,Male,0,No,Yes,9,No,Yes,No,No,Yes,Yes,No,No internet service,No,Month-to-month,Yes,Credit card (automatic),111.6,6390.85,Yes
C0532,Male,1,No,Yes,51,No,No,No,Yes,No,No internet service,No internet service,Yes,Yes,Two year,No,Bank transfer (automatic),58.62,6175.92,No
C0533,Male,0,Yes,No,54,Yes,Yes,Fiber optic,No,No,Yes,No,Yes,No internet service,Month-to-month,No,Credit card (automatic),108.53,955.48,No
C0534,Female,1,No,Yes,3,Yes,No phone service,DSL,No,Yes,No internet service,No internet service,Yes,No,Month-to-month,Yes,Credit card (automatic),65.17,8495.47,No
C0535,Male,0,No,Yes,37,No,No phone service,Fiber optic,No internet service,No,No internet service,No,No internet service,No,One year,Yes,Electronic check,47.46,8007.11,No
C0536,Male,0,Yes,Yes,6,Yes,No,DSL,No,No internet service,Yes,No,No,No,One year,Yes,Bank transfer (automatic),109.87,7622.89,No
C0537,Male,0,Yes,Yes,52,No,No phone service,Fiber optic,No internet service,Yes,No internet service,No,Yes,No internet service,Two year,No,Bank transfer (automatic),75.19,5296.26,No
C0538,Female,1,No,No,60,No,Yes,DSL,Yes,No,Yes,No internet service,Yes,Yes,Two year,No,Credit card (automatic),54.77,4452.32,No
C0539,Male,1,Yes,No,62,No,Yes,Fiber optic,No internet service,No internet service,No,No internet service,Yes,No,One year,No,Mailed check,22.53,4566.71,No
C0540,Female,0,Yes,No,43,Yes,No phone service,Fiber optic,No,Yes,No,No internet service,No internet service,Yes,Month-to-month,Yes,Credit card (automatic),29.32,144.7,No
C0541,Male,0,No,No,45,Yes,No phone service,No,No internet service,No,No internet service,No internet service,No,No,Two year,Yes,Mailed check,32.21,4254.5,No
C0542,Male,0,No,Yes,66,Yes,Yes,Fiber optic,No,Yes,No,Yes,Yes,Yes,One year,Yes,Mailed check,55.21,5308.81,No
C0543,Male,1,Yes,No,44,No,No,No,No,No,No internet service,No internet service,Yes,No,Two year,Yes,Electronic check,79.95,5605.15,No
C0544,Female,0,No,Yes,32,Yes,Yes,Fiber optic,Yes,No,No,No internet service,No,No internet service,One year,No,Mailed check,49.37,2835.21,No
C0545,Male,1,Yes,No,54,No,No,No,No internet service,Yes,No internet service,Yes,No,No,Month-to-month,Yes,Credit card (automatic),24.68,4015.42,No
C0546,Male,1,No,Yes,42,Yes,No phone service,Fiber optic,No internet service,Yes,No internet service,No internet service,No internet service,No internet service,Two year,No,Bank transfer (automatic),45.01,5415.19,No
C0547,Female,1,No,No,60,Yes,No phone service,No,No internet service,No,No internet service,No,Yes,No internet service,Month-to-month,No,Bank transfer (automatic),59.69,3650.89,No
C0548,Female,0,Yes,Yes,38,Yes,No,Fiber optic,Yes,No internet service,No,Yes,Yes,Yes,Two year,Yes,Credit card (automatic),119.21,8178.83,No
C0549,Female,0,Yes,No,62,No,No phone service,No,Yes,Yes,No,Yes,Yes,No,Two year,No,Mailed check,58.08,6001.56,Yes
C0550,Female,0,No,Yes,4,No,No,Fiber optic,No internet service,No internet service,No internet service,No,No,No,Month-to-month,No,Bank transfer (automatic),27.1,28.8,Yes
C0551,Male,1,Yes,No,3,Yes,No phone service,Fiber optic,Yes,Yes,No internet service,Yes,No internet service,No,Two year,Yes,Mailed check,77.27,215.46,No
C0552,Female,1,Yes,No,8,No,Yes,Fiber optic,No,No,No internet service,No internet service,No,No internet service,Month-to-month,Yes,Credit card (automatic),111.8,5873.13,No
C0553,Male,1,Yes,No,40,No,No,No,No,No,No,No internet service,Yes,No,One year,Yes,Mailed check,98.24,3518.06,No
C0554,Female,0,No,Yes,51,No,No,Fiber optic,No internet service,No,No internet service,No internet service,No,Yes,One year,Yes,Credit card (automatic),103.29,7138.39,No
C0555,Female,0,Yes,Yes,16,No,No,DSL,No internet service,Yes,No internet service,No,No,No,One year,No,Bank transfer (automatic),112.68,1485.52,No
C0556,Female,1,No,No,12,Yes,Yes,No,No internet service,No internet service,No internet service,No,Yes,Yes,One year,No,Credit card (automatic),82.93,135.28,Yes
C0557,Female,1,No,Yes,62,Yes,Yes,No,Yes,Yes,Yes,No internet service,No internet service,No,One year,Yes,Credit card (automatic),119.48,3309.71,Yes
C0558,Female,1,Yes,Yes,54,No,No phone service,DSL,No,No internet service,No,No internet service,No,No,One year,No,Credit card (automatic),21.39,6261.3,No
C0559,Female,1,No,Yes,47,Yes,Yes,No,No internet service,No,No internet service,Yes,Yes,No internet service,Two year,No,Mailed check,103.15,8260.19,Yes
C0560,Female,0,No,Yes,35,Yes,No,Fiber optic,No internet service,No,No internet service,No,No,Yes,Month-to-month,Yes,Bank transfer (automatic),105.42,7513.15,No
C0561,Male,0,Yes,Yes,30,Yes,No,DSL,Yes,Yes,No internet service,No internet service,No internet service,No,Two year,No,Mailed check,111.5,4123.92,No
C0562,Male,0,No,Yes,2,No,No,Fiber optic,No internet service,No,Yes,No internet service,No internet service,Yes,Month-to-month,Yes,Electronic check,66.77,6912.32,Yes
C0563,Male,1,Yes,No,14,Yes,Yes,No,No,No internet service,Yes,No internet service,Yes,No,Month-to-month,Yes,Bank transfer (automatic),98.35,614.54,No
C0564,Female,1,Yes,No,64,Yes,Yes,DSL,Yes,No internet service,No internet service,Yes,No internet service,No,Two year,Yes,Mailed check,37.9,4872.01,Yes
C0565,Male,0,Yes,Yes,25,No,Yes,No,No,No internet service,No internet service,No,No,No,Month-to-month,No,Mailed check,79.52,7857.9,No
C0566,Male,1,No,Yes,51,Yes,Yes,Fiber optic,No internet service,Yes,Yes,Yes,No,Yes,Two year,No,Electronic check,54.58,3380.14,No
C0567,Male,1,No,Yes,50,Yes,Yes,DSL,Yes,No,No,No internet service,Yes,Yes,Month-to-month,Yes,Bank transfer (automatic),78.81,8161.57,No
C0568,Female,1,Yes,No,22,Yes,Yes,Fiber optic,Yes,No,No internet service,No,No internet service,No,Month-to-month,Yes,Bank transfer (automatic),86.91,1889.85,No
C0569,Female,1,No,Yes,15,Yes,Yes,Fiber optic,No internet service,No internet service,Yes,Yes,No internet service,No,Two year,Yes,Electronic check,53.4,913.99,No
C0570,Female,0,No,No,50,No,No phone service,No,No internet service,No internet service,No internet service,Yes,Yes,Yes,Month-to-month,No,Bank transfer (automatic),40.06,4469.03,No
C0571,Male,0,No,No,7,No,No,No,Yes,No internet service,Yes,No internet service,No,No,Two year,No,Electronic check,50.81,7713.27,Yes
C0572,Male,1,No,No,36,Yes,Yes,DSL,No internet service,Yes,Yes,No internet service,No internet service,Yes,One year,Yes,Electronic check,85.72,2658.27,No
C0573,Male,1,Yes,Yes,64,No,No,No,No internet service,Yes,No internet service,No internet service,No,No,Two year,No,Mailed check,87.04,6804.96,No
C0574,Male,0,No,No,51,No,Yes,Fiber optic,No internet service,No internet service,No,No internet service,Yes,No,Two year,No,Mailed check,93.61,1453.13,No
C0575,Male,0,Yes,No,55,No,No,DSL,Yes,No internet service,No,No internet service,No internet service,No internet service,Month-to-month,No,Credit card (automatic),30.91,6341.93,No
C0576,Female,1,Yes,No,6,No,Yes,No,No,No,No internet service,No internet service,Yes,No internet service,Month-to-month,No,Electronic check,101.49,4742.7,Yes
C0577,Female,1,Yes,No,15,No,Yes,Fiber optic,No internet service,Yes,Yes,No internet service,No,No internet service,One year,No,Mailed check,88.19,1502.49,No
C0578,Female,0,No,No,20,Yes,Yes,Fiber optic,No internet service,Yes,No,No internet service,No,Yes,Two year,No,Bank transfer (automatic),21.11,6108.82,Yes
C0579,Male,1,No,Yes,21,Yes,No,No,No,No internet service,No,No,No internet service,No internet service,Month-to-month,Yes,Electronic check,52.23,6072.08,No
C0580,Male,0,Yes,No,14,No,No,DSL,Yes,No,No internet service,No internet service,No,No,Month-to-month,Yes,Credit card (automatic),65.6,4389.92,No
C0581,Female,0,Yes,No,70,No,No,DSL,Yes,No,Yes,No internet service,No internet service,No,One year,No,Bank transfer (automatic),54.78,1930.42,No
C0582,Male,1,Yes,Yes,12,No,No,No,Yes,No internet service,No,Yes,No internet service,No internet service,Month-to-month,Yes,Credit card (automatic),29.98,1140.12,Yes
C0583,Male,0,No,Yes,51,Yes,No phone service,DSL,Yes,Yes,No,No internet service,No internet service,Yes,Month-to-month,No,Credit card (automatic),39.15,8137.44,No
C0584,Male,1,Yes,No,42,Yes,No phone service,DSL,Yes,No internet service,No,No,No internet service,Yes,Month-to-month,No,Electronic check,20.51,5580.6,No
C0585,Female,0,No,Yes,44,No,No,DSL,Yes,Yes,No internet service,Yes,No internet service,No internet service,Two year,Yes,Mailed check,27.49,6881.99,No
C0586,Female,1,Yes,Yes,16,Yes,No,No,No internet service,No internet service,No,Yes,No internet service,No,Two year,No,Bank transfer (automatic),45.16,5929.7,No
C0587,Male,0,Yes,No,22,No,No,DSL,No,No internet service,No internet service,Yes,No internet service,No,Month-to-month,Yes,Electronic check,101.64,7053.6,No
C0588,Female,1,No,No,44,No,Yes,DSL,No,No,No internet service,No internet service,No,Yes,One year,No,Mailed check,71.72,1396.25,No
C0589,Female,0,Yes,No,22,No,No,Fiber optic,No internet service,Yes,No internet service,No internet service,Yes,No,One year,No,Bank transfer (automatic),61.3,4233.13,No
C0590,Female,1,Yes,Yes,50,Yes,Yes,DSL,No,Yes,No internet service,Yes,Yes,Yes,One year,Yes,Credit card (automatic),85.54,5676.55,No
C0591,Female,0,Yes,Yes,3,No,No phone service,Fiber optic,No,Yes,No,No,No internet service,No,Two year,No,Mailed check,73.23,894.95,Yes
C0592,Male,0,No,No,6,No,No,Fiber optic,Yes,No internet service,Yes,No,Yes,No,One year,Yes,Credit card (automatic),31.41,1289.93,No
C0593,Female,0,Yes,No,52,No,No phone service,Fiber optic,No,Yes,No internet service,No,No internet service,No internet service,Two year,Yes,Bank transfer (automatic),40.71,5395.44,No
C0594,Male,1,Yes,Yes,44,No,No phone service,Fiber optic,Yes,No,No,No,No internet service,No internet service,Month-to-month,No,Electronic check,40.7,7386.36,Yes
C0595,Female,0,Yes,Yes,4,Yes,No,No,No,No,Yes,No internet service,No,Yes,Month-to-month,No,Mailed check,79.2,5619.65,No
C0596,Female,1,No,Yes,64,No,No phone service,Fiber optic,No internet service,No internet service,Yes,No,No internet service,Yes,One year,Yes,Credit card (automatic),65.09,325.09,Yes
C0597,Female,1,No,No,1,No,No,Fiber optic,No,No internet service,Yes,No,Yes,No,Two year,Yes,Electronic check,57.53,8249.21,No
C0598,Female,1,No,Yes,68,No,Yes,DSL,Yes,No,No internet service,No,No,No internet service,One year,Yes,Electronic check,74.78,1201.3,Yes
C0599,Female,1,Yes,No,52,No,Yes,DSL,No internet service,No internet service,Yes,No,No internet service,Yes,One year,Yes,Mailed check,116.95,1990.59,No
C0600,Female,0,No,Yes,71,Yes,Yes,DSL,No internet service,No,No internet service,No internet service,No internet service,No,Month-to-month,No,Credit card (automatic),50.05,8287.67,No
C0601,Female,1,Yes,No,68,No,No phone service,DSL,No,No,No,No,Yes,No,One year,Yes,Bank transfer (automatic),71.06,6557.9,Yes
C0602,Female,1,No,Yes,23,Yes,No,DSL,Yes,Yes,Yes,No internet service,No internet service,Yes,Two year,No,Electronic check,67.0,7962.04,No
C0603,Male,0,No,No,54,Yes,Yes,DSL,No internet service,Yes,No,No,No,No,One year,No,Mailed check,91.1,6859.75,No
C0604,Female,0,No,No,15,No,No,DSL,Yes,No,No internet service,No internet service,No internet service,Yes,Month-to-month,No,Credit card (automatic),92.49,5546.01,No
C0605,Female,1,No,Yes,34,Yes,Yes,DSL,No internet service,Yes,No internet service,No internet service,No,No,Two year,Yes,Electronic check,92.37,2431.58,Yes
C0606,Male,0,No,Yes,18,Yes,No phone service,Fiber optic,Yes,Yes,No,No internet service,No,No internet service,Two year,No,Bank transfer (automatic),38.55,2790.61,No
C0607,Female,1,Yes,No,35,No,No phone service,DSL,No,No,No,No,Yes,No,One year,Yes,Mailed check,63.81,8052.75,No
C0608,Female,0,No,No,62,No,Yes,DSL,No internet service,No,Yes,No,No,Yes,One year,Yes,Credit card (automatic),100.74,7317.83,No
C0609,Female,0,No,No,31,Yes,No phone service,DSL,Yes,No internet service,Yes,No,No internet service,No internet service,One year,Yes,Credit card (automatic),56.92,3067.2,No
C0610,Female,1,No,No,7,Yes,No,DSL,Yes,No internet service,No,No,No internet service,Yes,Two year,No,Credit card (automatic),118.39,3184.05,No
C0611,Male,0,No,No,24,Yes,Yes,DSL,Yes,No internet service,No,No internet service,Yes,No internet service,One year,No,Electronic check,55.21,2543.04,No
C0612,Female,1,Yes,No,56,No,No phone service,Fiber optic,No,Yes,Yes,No internet service,Yes,No internet service,Month-to-month,No,Mailed check,68.76,2784.24,Yes
C0613,Male,1,No,Yes,38,Yes,Yes,Fiber optic,No,No,No internet service,No internet service,No internet service,No,Month-to-month,No,Bank transfer (automatic),66.4,7318.18,No
C0614,Female,0,Yes,No,40,No,Yes,No,Yes,No internet service,No,No internet service,No,Yes,Two year,No,Mailed check,62.23,107.12,No
C0615,Female,0,No,Yes,31,No,Yes,Fiber optic,No,No,Yes,No internet service,No internet service,No internet service,Two year,Yes,Bank transfer (automatic),104.25,3716.6,No
C0616,Male,1,No,Yes,21,No,No,Fiber optic,No internet service,No,No internet service,No,Yes,No internet service,Two year,Yes,Bank transfer (automatic),33.84,8015.17,Yes
C0617,Male,1,Yes,Yes,43,Yes,No,No,No internet service,No,Yes,Yes,No,No,Month-to-month,No,Mailed check,75.9,4620.64,No
C0618,Male,0,No,Yes,45,No,Yes,DSL,Yes,No,No internet service,No,Yes,No internet service,Month-to-month,No,Electronic check,81.1,3838.68,No
C0619,Male,1,No,Yes,64,Yes,Yes,No,No,No,Yes,No internet service,No internet service,No internet service,One year,Yes,Credit card (automatic),104.82,2667.52,No
C0620,Male,0,No,No,44,Yes,Yes,No,Yes,Yes,No,No internet service,No internet service,No internet service,Month-to-month,No,Credit card (automatic),80.14,644.93,No
C0621,Male,0,Yes,Yes,71,Yes,No phone service,Fiber optic,No,No,No,No,Yes,Yes,One year,Yes,Credit card (automatic),115.92,1922.09,No
C0622,Male,1,Yes,Yes,59,Yes,No phone service,No,No internet service,Yes,No internet service,No internet service,Yes,No,One year,No,Mailed check,106.96,785.27,No
C0623,Male,0,No,Yes,6,No,No phone service,DSL,No internet service,No internet service,Yes,Yes,No internet service,Yes,Month-to-month,No,Mailed check,53.57,1092.66,Yes
C0624,Female,1,No,No,28,Yes,No,No,Yes,No internet service,No internet service,No,Yes,Yes,Month-to-month,No,Mailed check,105.71,1404.95,No
C0625,Male,1,No,No,28,No,No,Fiber optic,Yes,No,No,No internet service,No internet service,No,One year,No,Electronic check,115.76,2579.81,No
C0626,Male,1,No,No,1,Yes,No phone service,DSL,No internet service,No,Yes,No,No internet service,Yes,Two year,No,Electronic check,44.23,111.44,No
C0627,Male,1,Yes,Yes,13,Yes,No,DSL,No internet service,No internet service,No,No internet service,Yes,Yes,One year,Yes,Mailed check,80.24,8077.12,Yes
C0628,Female,0,No,No,55,Yes,No,No,Yes,No,No internet service,No,Yes,No internet service,Month-to-month,No,Credit card (automatic),46.74,1068.23,Yes
C0629,Male,0,Yes,No,26,Yes,Yes,Fiber optic,Yes,No,No,No,No internet service,No,Month-to-month,No,Electronic check,84.26,3267.87,No
C0630,Female,1,No,Yes,11,Yes,No,DSL,No,Yes,Yes,No,Yes,No,One year,No,Bank transfer (automatic),27.55,7478.15,Yes
C0631,Male,1,No,No,21,No,Yes,Fiber optic,No,Yes,No,No internet service,No,Yes,Month-to-month,Yes,Bank transfer (automatic),92.89,921.91,No
C0632,Male,0,No,Yes,20,No,Yes,No,No,Yes,No,Yes,Yes,No internet service,Two year,Yes,Mailed check,60.82,4119.93,Yes
C0633,Male,1,No,No,13,Yes,No phone service,Fiber optic,No internet service,Yes,Yes,Yes,No,No,Two year,No,Credit card (automatic),77.91,7183.45,No
C0634,Male,0,Yes,No,8,No,No phone service,DSL,No internet service,No internet service,Yes,No,No,No,Month-to-month,Yes,Electronic check,20.64,4742.16,No
C0635,Female,1,Yes,Yes,55,No,Yes,DSL,No internet service,No,No internet service,Yes,No internet service,Yes,Two year,No,Credit card (automatic),88.94,1802.13,No
C0636,Male,0,Yes,No,59,Yes,Yes,DSL,Yes,No internet service,Yes,No,No internet service,Yes,Month-to-month,Yes,Bank transfer (automatic),68.59,6256.59,No
C0637,Male,1,No,Yes,36,Yes,Yes,No,No internet service,No,No,No,No,Yes,One year,No,Mailed check,81.78,5797.13,No
C0638,Female,0,Yes,Yes,44,Yes,No phone service,No,No internet service,No internet service,No internet service,Yes,No,Yes,Two year,No,Credit card (automatic),50.2,3090.06,No
C0639,Female,0,No,No,66,No,Yes,No,No,No,Yes,No,No,No internet service,Month-to-month,Yes,Mailed check,32.87,410.68,Yes
C0640,Female,1,Yes,No,60,No,Yes,Fiber optic,No,No,No,No,No internet service,No,Month-to-month,No,Credit card (automatic),62.41,84.71,No
C0641,Female,0,Yes,No,3,Yes,Yes,No,No internet service,No internet service,Yes,No internet service,Yes,No,Month-to-month,No,Electronic check,114.29,7018.98,No
C0642,Female,0,Yes,No,68,No,No phone service,Fiber optic,No internet service,No,No internet service,Yes,Yes,No internet service,Two year,No,Electronic check,41.23,2745.45,No
C0643,Male,1,Yes,Yes,5,No,No,Fiber optic,No,Yes,No,No internet service,No,No internet service,Month-to-month,No,Bank transfer (automatic),86.94,1186.56,Yes
C0644,Female,0,Yes,No,2,No,No phone service,DSL,Yes,No,No internet service,No,No internet service,Yes,One year,No,Credit card (automatic),23.08,4416.35,Yes
C0645,Male,0,Yes,No,29,Yes,No phone service,Fiber optic,No,No,No internet service,No internet service,No internet service,No,One year,Yes,Electronic check,91.25,7828.51,No
C0646,Male,0,No,No,53,No,Yes,Fiber optic,No internet service,No,No,Yes,Yes,No,Two year,Yes,Credit card (automatic),42.32,89.93,Yes
C0647,Female,1,No,No,6,No,No phone service,DSL,Yes,No internet service,Yes,Yes,Yes,Yes,Two year,Yes,Credit card (automatic),64.05,494.21,Yes
C0648,Female,1,No,No,21,No,No,Fiber optic,No internet service,No internet service,No,No,No,No internet service,Two year,No,Mailed check,55.51,3555.38,Yes
C0649,Female,1,Yes,No,19,No,No,No,Yes,No,Yes,No,No,No,Two year,No,Credit card (automatic),29.51,5751.54,No
C0650,Male,0,No,Yes,29,No,Yes,Fiber optic,No internet service,Yes,No,No,No,No,One year,No,Credit card (automatic),53.25,4056.28,Yes
C0651,Female,0,No,Yes,71,No,No phone service,Fiber optic,No,No,Yes,Yes,Yes,No,One year,Yes,Electronic check,53.71,7631.01,Yes
C0652,Male,0,No,Yes,24,Yes,No phone service,DSL,Yes,No internet service,No internet service,No,No internet service,No internet service,Month-to-month,No,Credit card (automatic),71.25,391.93,Yes
C0653,Female,1,Yes,No,15,Yes,No,DSL,Yes,Yes,No,No internet service,No internet service,Yes,Two year,No,Bank transfer (automatic),117.18,2903.07,No
C0654,Female,0,No,No,9,Yes,Yes,DSL,Yes,No internet service,Yes,No internet service,No internet service,No,One year,Yes,Electronic check,65.94,2998.13,Yes
C0655,Female,0,No,Yes,15,Yes,No phone service,DSL,No internet service,No,No internet service,Yes,No,No internet service,One year,Yes,Bank transfer (automatic),111.27,2902.96,Yes
C0656,Female,1,Yes,No,10,No,No phone service,No,No,No internet service,No internet service,No,Yes,No internet service,Month-to-month,Yes,Bank transfer (automatic),65.08,4154.55,No
C0657,Female,1,Yes,No,41,No,No,No,No internet service,No internet service,No,No,No,No,Month-to-month,No,Credit card (automatic),28.97,6723.67,No
C0658,Male,1,No,Yes,30,No,No,Fiber optic,Yes,No internet service,Yes,No,Yes,Yes,One year,No,Credit card (automatic),41.48,2714.28,Yes
C0659,Male,0,Yes,Yes,36,No,Yes,Fiber optic,No internet service,No internet service,No,No internet service,Yes,No internet service,One year,Yes,Mailed check,59.57,6332.71,Yes
C0660,Male,1,Yes,No,60,Yes,Yes,Fiber optic,No internet service,Yes,No,No,No,No internet service,One year,Yes,Mailed check,51.19,1260.32,Yes
C0661,Female,1,No,Yes,42,Yes,No phone service,Fiber optic,Yes,No,No internet service,No internet service,No,No,Month-to-month,No,Electronic check,106.31,4774.07,No
C0662,Male,0,Yes,No,12,No,No,Fiber optic,No,Yes,Yes,No internet service,Yes,No,Month-to-month,Yes,Electronic check,87.22,3199.5,Yes
C0663,Male,1,Yes,No,27,Yes,Yes,Fiber optic,No internet service,Yes,No internet service,Yes,No internet service,No,Two year,No,Bank transfer (automatic),76.99,4591.59,No
C0664,Female,1,Yes,No,23,No,No phone service,No,Yes,Yes,Yes,No internet service,Yes,Yes,One year,Yes,Credit card (automatic),68.11,931.93,No
C0665,Female,0,No,Yes,59,Yes,Yes,Fiber optic,Yes,No internet service,Yes,Yes,No,Yes,One year,Yes,Electronic check,58.52,8105.27,No
C0666,Female,1,Yes,No,22,Yes,Yes,Fiber optic,No internet service,No,No,No,No,No internet service,Month-to-month,Yes,Bank transfer (automatic),80.44,7704.51,Yes
C0667,Female,1,No,Yes,10,No,Yes,Fiber optic,No,No internet service,Yes,No,No,No internet service,One year,No,Bank transfer (automatic),30.71,7027.49,No
C0668,Female,1,Yes,Yes,53,No,No,DSL,Yes,Yes,No,No,No internet service,Yes,One year,Yes,Electronic check,34.58,7590.58,No
C0669,Male,1,No,Yes,31,No,No,DSL,No internet service,Yes,No,No,No internet service,No,One year,No,Electronic check,48.92,1262.21,No
C0670,Female,1,No,Yes,7,Yes,Yes,DSL,No internet service,No internet service,Yes,Yes,No internet service,No internet service,Two year,Yes,Mailed check,35.46,4290.57,Yes
C0671,Female,1,No,Yes,49,No,No,Fiber optic,Yes,No internet service,No internet service,Yes,No,Yes,Two year,Yes,Bank transfer (automatic),87.06,2714.51,No
C0672,Female,0,No,No,15,No,No,No,Yes,No internet service,Yes,No internet service,Yes,Yes,Month-to-month,Yes,Mailed check,20.53,7544.81,No
C0673,Male,1,Yes,Yes,62,No,No,No,Yes,Yes,No internet service,No internet service,No,Yes,One year,Yes,Credit card (automatic),34.34,1624.81,No
C0674,Female,1,No,No,60,Yes,No,No,No internet service,No,No internet service,No internet service,No,Yes,Two year,Yes,Mailed check,110.07,1883.58,No
C0675,Female,1,No,Yes,27,Yes,No phone service,DSL,Yes,Yes,No,No,No,No,One year,No,Electronic check,119.75,5842.71,No
C0676,Female,0,No,Yes,40,No,No phone service,No,No internet service,No internet service,Yes,No internet service,No,No,Month-to-month,Yes,Electronic check,67.73,772.05,No
C0677,Male,0,No,No,41,Yes,Yes,No,No,Yes,No internet service,No,Yes,No internet service,Month-to-month,No,Mailed check,68.53,6229.94,No
C0678,Female,1,No,No,47,No,No phone service,Fiber optic,No,No internet service,Yes,Yes,No,No internet service,Two year,Yes,Mailed check,96.89,2292.26,No
C0679,Female,1,Yes,No,5,Yes,No,DSL,No internet service,Yes,Yes,Yes,No internet service,No internet service,Two year,Yes,Bank transfer (automatic),21.69,5624.05,No
C0680,Female,1,Yes,No,24,Yes,Yes,Fiber optic,No internet service,Yes,No internet service,Yes,No,No internet service,Month-to-month,No,Mailed check,61.56,7423.11,Yes
C0681,Male,0,Yes,Yes,13,No,No,No,Yes,No internet service,No,No,No internet service,No internet service,One year,No,Electronic check,28.18,5188.72,Yes
C0682,Female,0,Yes,Yes,50,Yes,No phone service,No,Yes,No,No internet service,No internet service,No internet service,No,One year,Yes,Electronic check,58.89,1821.98,No
C0683,Female,1,No,No,5,Yes,No phone service,Fiber optic,Yes,No,Yes,Yes,No internet service,No internet service,Month-to-month,Yes,Bank transfer (automatic),118.35,435.02,No
C0684,Male,0,No,No,37,No,No,Fiber optic,No internet service,No,No,No,Yes,Yes,One year,No,Mailed check,94.87,396.42,Yes
C0685,Female,1,Yes,Yes,52,Yes,Yes,Fiber optic,No,Yes,No internet service,Yes,No internet service,No internet service,Two year,Yes,Bank transfer (automatic),118.47,771.3,No
C0686,Male,0,Yes,Yes,68,No,Yes,DSL,Yes,No internet service,No internet service,No,No,Yes,Month-to-month,Yes,Credit card (automatic),94.1,4936.02,No
C0687,Female,0,No,No,21,Yes,Yes,Fiber optic,Yes,No,No,No,No,No,Month-to-month,No,Mailed check,80.03,2971.58,No
C0688,Male,1,No,No,1,No,No phone service,DSL,No,Yes,No internet service,Yes,No,Yes,One year,No,Bank transfer (automatic),94.93,2080.03,Yes
C0689,Female,0,No,Yes,52,Yes,No,No,No internet service,No,Yes,No,Yes,No,Month-to-month,Yes,Credit card (automatic),85.23,1878.16,No
C0690,Female,1,No,Yes,1,Yes,No,No,No,Yes,No,Yes,No internet service,No internet service,Two year,Yes,Electronic check,65.33,8063.87,No
C0691,Female,1,No,No,5,No,No phone service,Fiber optic,No internet service,Yes,Yes,No internet service,No,Yes,One year,Yes,Bank transfer (automatic),47.84,1025.8,Yes
C0692,Female,1,No,Yes,71,No,No phone service,Fiber optic,No internet service,No,No internet service,No internet service,No internet service,No,Month-to-month,Yes,Mailed check,71.06,2603.44,No
C0693,Female,0,Yes,Yes,62,Yes,No phone service,No,No internet service,Yes,No internet service,No internet service,No internet service,Yes,One year,No,Bank transfer (automatic),44.37,4017.07,No
C0694,Male,0,No,Yes,51,No,Yes,Fiber optic,No,Yes,No internet service,No internet service,No,Yes,Two year,No,Bank transfer (automatic),67.64,21.81,No
C0695,Male,1,Yes,No,60,Yes,No,No,No internet service,No,No internet service,Yes,No internet service,No,One year,Yes,Electronic check,32.91,7829.52,No
C0696,Female,0,Yes,Yes,6,Yes,No phone service,Fiber optic,No internet service,No,Yes,No internet service,No,No,One year,Yes,Electronic check,75.67,858.55,Yes
C0697,Female,0,Yes,Yes,7,No,No phone service,DSL,No,Yes,No,Yes,No,Yes,Month-to-month,Yes,Electronic check,43.02,5806.72,Yes
C0698,Male,0,Yes,Yes,22,No,Yes,DSL,No,No internet service,No internet service,No internet service,No internet service,No,Month-to-month,Yes,Electronic check,47.95,5352.04,Yes
C0699,Male,1,Yes,No,2,Yes,No,DSL,No internet service,No internet service,Yes,No internet service,No internet service,No internet service,Month-to-month,No,Electronic check,68.9,6880.48,Yes
C0700,Female,0,No,Yes,64,No,No phone service,Fiber optic,No,Yes,No,No internet service,No internet service,No,Month-to-month,Yes,Bank transfer (automatic),34.58,5543.07,No
C0701,Female,0,No,Yes,4,Yes,Yes,Fiber optic,Yes,Yes,No internet service,No internet service,No internet service,No internet service,Month-to-month,No,Credit card (automatic),116.16,6543.94,Yes
C0702,Male,1,Yes,Yes,39,Yes,No,Fiber optic,No internet service,No,No,No internet service,No,No internet service,One year,No,Mailed check,63.59,3591.03,No
C0703,Male,0,No,No,61,Yes,Yes,DSL,Yes,No internet service,No internet service,No internet service,No internet service,No,Month-to-month,No,Credit card (automatic),53.93,4163.19,Yes
C0704,Male,1,Yes,No,53,Yes,No phone service,No,No internet service,Yes,No,Yes,Yes,No,One year,Yes,Bank transfer (automatic),20.98,5969.5,Yes
C0705,Female,1,Yes,No,17,No,Yes,Fiber optic,No,No internet service,No,Yes,No internet service,No internet service,Two year,No,Credit card (automatic),104.01,4839.4,Yes
C0706,Male,1,No,Yes,34,Yes,Yes,No,No,Yes,No,No internet service,No,No,Two year,No,Bank transfer (automatic),81.84,4356.87,No
C0707,Female,1,Yes,No,39,Yes,Yes,Fiber optic,Yes,Yes,No,Yes,No,No,One year,Yes,Electronic check,60.47,1761.55,No
C0708,Male,0,No,Yes,55,No,Yes,Fiber optic,No,No internet service,No internet service,No,No internet service,Yes,Month-to-month,Yes,Bank transfer (automatic),43.04,2207.27,No
C0709,Male,0,No,No,31,No,No,Fiber optic,No internet service,Yes,No internet service,Yes,Yes,Yes,One year,Yes,Bank transfer (automatic),94.0,3058.77,Yes
C0710,Female,0,Yes,Yes,21,Yes,Yes,DSL,Yes,Yes,Yes,No,No internet service,Yes,Two year,No,Bank transfer (automatic),114.44,96.75,No
C0711,Female,0,Yes,No,57,No,No,DSL,No internet service,No internet service,No internet service,No internet service,No,No,One year,No,Credit card (automatic),56.84,3558.08,No
C0712,Female,1,No,No,63,Yes,No,Fiber optic,No internet service,No,No,No internet service,No,No internet service,Two year,Yes,Electronic check,31.76,41.48,No
C0713,Female,1,No,Yes,35,No,No,No,No internet service,No,No,No,Yes,Yes,Two year,Yes,Bank transfer (automatic),29.14,4810.46,Yes
C0714,Female,1,No,No,2,No,No phone service,DSL,No,No internet service,Yes,No,No,Yes,Month-to-month,Yes,Credit card (automatic),18.65,5989.57,Yes
C0715,Female,1,Yes,Yes,36,Yes,No,Fiber optic,Yes,No,No,No,No internet service,Yes,Month-to-month,Yes,Electronic check,93.88,4786.14,Yes
C0716,Female,1,Yes,Yes,64,Yes,No,No,No internet service,No,No,No,Yes,No,Month-to-month,No,Mailed check,118.1,5900.44,No
C0717,Male,0,No,Yes,71,No,No phone service,No,No,Yes,No,No,No,Yes,Month-to-month,No,Credit card (automatic),119.27,18.11,No
C0718,Male,0,No,No,29,Yes,Yes,Fiber optic,No,No,Yes,No internet service,No internet service,Yes,Month-to-month,Yes,Electronic check,97.99,522.19,No
C0719,Female,1,Yes,Yes,11,Yes,No phone service,DSL,No internet service,Yes,No internet service,Yes,No,Yes,One year,No,Electronic check,34.54,5942.36,No
C0720,Male,0,No,No,41,No,No phone service,DSL,No internet service,No internet service,No,No,No,Yes,One year,No,Credit card (automatic),117.73,6828.2,No
C0721,Female,1,No,No,59,Yes,Yes,Fiber optic,Yes,No,No,No,No,Yes,One year,No,Electronic check,51.44,6105.54,No
C0722,Female,1,Yes,No,68,No,Yes,No,No internet service,Yes,Yes,No,Yes,No internet service,Two year,No,Bank transfer (automatic),52.03,5641.67,Yes
C0723,Male,1,Yes,No,4,No,No,DSL,No,No internet service,Yes,Yes,No,No internet service,Two year,Yes,Credit card (automatic),88.11,6018.02,No
C0724,Female,1,No,Yes,21,Yes,Yes,No,No internet service,Yes,No internet service,Yes,No internet service,No,Two year,No,Mailed check,23.0,6291.2,Yes
C0725,Male,1,No,No,34,Yes,No,No,No,Yes,Yes,No,No,Yes,Two year,Yes,Mailed check,102.23,6162.17,Yes
C0726,Female,1,Yes,Yes,7,No,No phone service,DSL,No internet service,No internet service,No internet service,No internet service,No,Yes,One year,No,Mailed check,119.72,6277.79,No
C0727,Male,1,Yes,No,63,Yes,No,Fiber optic,No internet service,No internet service,No internet service,No internet service,Yes,Yes,Two year,Yes,Mailed check,97.06,645.84,No
C0728,Male,0,No,Yes,8,Yes,Yes,DSL,No internet service,No internet service,No,No internet service,No internet service,No,One year,Yes,Mailed check,97.73,554.67,No
C0729,Female,0,Yes,No,48,Yes,Yes,No,No internet service,No,No internet service,No internet service,No internet service,No,Month-to-month,No,Bank transfer (automatic),57.81,3081.02,No
C0730,Female,1,No,No,66,No,No phone service,Fiber optic,No,No internet service,No,No,No internet service,Yes,Month-to-month,No,Credit card (automatic),24.72,4493.08,Yes
C0731,Male,1,No,No,49,Yes,Yes,DSL,Yes,Yes,No internet service,Yes,No,No,Month-to-month,Yes,Credit card (automatic),98.85,6486.53,No
C0732,Female,1,No,Yes,55,No,No,DSL,No,No,Yes,No,No,Yes,Two year,Yes,Credit card (automatic),78.91,2856.99,Yes
C0733,Female,1,Yes,No,19,Yes,No phone service,Fiber optic,No,Yes,No,No internet service,No,No,Month-to-month,Yes,Electronic check,110.75,2351.54,No
C0734,Male,1,Yes,Yes,59,No,Yes,DSL,No internet service,No,No,No,Yes,No internet service,Two year,No,Mailed check,29.83,6646.24,No
C0735,Female,1,Yes,Yes,30,No,No,DSL,No,Yes,No internet service,No internet service,Yes,Yes,Two year,Yes,Credit card (automatic),49.12,2132.88,No
C0736,Female,1,No,Yes,5,Yes,No,DSL,No,Yes,Yes,Yes,No,No,One year,No,Bank transfer (automatic),54.79,6980.38,No
C0737,Male,0,Yes,No,27,No,Yes,Fiber optic,Yes,No,No internet service,Yes,No,No,Two year,No,Mailed check,87.69,1520.45,No
C0738,Female,0,Yes,No,25,Yes,No,No,No internet service,No internet service,Yes,Yes,Yes,No internet service,Two year,No,Mailed check,98.35,3067.05,No
C0739,Female,0,Yes,No,38,Yes,No,Fiber optic,No,No,Yes,Yes,No internet service,No,Two year,No,Electronic check,116.02,3419.92,Yes
C0740,Female,0,Yes,Yes,19,No,Yes,DSL,Yes,No,No,No,No,No,One year,No,Mailed check,48.13,2558.45,No
C0741,Female,1,Yes,Yes,33,No,No phone service,Fiber optic,Yes,No,Yes,No,No internet service,No internet service,Month-to-month,Yes,Mailed check,68.35,46.47,Yes
C0742,Female,0,No,No,31,No,No,No,No internet service,No,No,No,Yes,No,Month-to-month,No,Mailed check,20.95,2015.59,No
C0743,Male,0,No,Yes,24,Yes,Yes,DSL,Yes,Yes,No internet service,Yes,Yes,No,Two year,Yes,Bank transfer (automatic),43.8,2881.98,No
C0744,Female,0,Yes,Yes,50,Yes,No phone service,DSL,No,No,No internet service,No,Yes,Yes,Two year,No,Mailed check,56.15,2678.17,No
C0745,Male,1,Yes,No,22,Yes,No phone service,DSL,No,No internet service,Yes,Yes,No internet service,No,One year,Yes,Electronic check,78.57,6681.08,No
C0746,Female,1,Yes,Yes,55,Yes,Yes,No,Yes,Yes,No,No,Yes,Yes,Month-to-month,No,Credit card (automatic),66.03,419.77,Yes
C0747,Male,0,No,No,18,Yes,Yes,DSL,Yes,No,No,Yes,No internet service,No,Two year,Yes,Mailed check,55.18,3317.06,No
C0748,Male,1,Yes,No,62,No,No,Fiber optic,No internet service,No internet service,Yes,Yes,No internet service,Yes,Month-to-month,Yes,Mailed check,81.66,336.21,Yes
C0749,Male,1,No,No,26,Yes,No,No,No,No,No,Yes,Yes,Yes,One year,No,Bank transfer (automatic),102.52,7911.75,No
C0750,Female,1,Yes,No,3,No,No phone service,Fiber optic,Yes,Yes,No,Yes,No,No,One year,No,Bank transfer (automatic),42.65,6720.56,No
C0751,Male,1,Yes,No,11,Yes,No,Fiber optic,Yes,No,No internet service,No,Yes,No,Month-to-month,Yes,Bank transfer (automatic),52.97,8348.69,No
C0752,Male,1,No,No,58,Yes,No,DSL,No,No internet service,Yes,No,No,No internet service,Month-to-month,Yes,Electronic check,89.9,7737.98,Yes
C0753,Female,0,No,Yes,62,Yes,Yes,DSL,No internet service,Yes,Yes,No,Yes,Yes,Month-to-month,No,Bank transfer (automatic),97.35,2696.72,Yes
C0754,Female,1,No,Yes,16,Yes,No,DSL,No internet service,No,No internet service,No,No internet service,No internet service,Two year,Yes,Electronic check,102.19,5884.01,No
C0755,Male,0,No,Yes,43,Yes,No phone service,No,Yes,No internet service,No internet service,Yes,No internet service,Yes,Two year,No,Credit card (automatic),39.35,2618.19,Yes
C0756,Female,0,No,No,41,Yes,No,DSL,No internet service,Yes,Yes,Yes,Yes,No internet service,One year,Yes,Mailed check,73.01,7551.81,Yes
C0757,Male,1,No,No,10,No,No,DSL,No internet service,No,Yes,No internet service,Yes,No internet service,One year,No,Mailed check,109.8,3502.01,No
C0758,Male,1,Yes,Yes,33,No,Yes,No,Yes,No internet service,No,No internet service,No internet service,No internet service,One year,No,Mailed check,57.98,3206.28,No
C0759,Female,1,Yes,No,50,Yes,No phone service,Fiber optic,Yes,No,No internet service,Yes,No,Yes,One year,No,Mailed check,61.85,7771.13,Yes
C0760,Male,0,Yes,Yes,69,Yes,Yes,Fiber optic,No internet service,No,Yes,Yes,No,No internet service,One year,Yes,Bank transfer (automatic),118.45,7115.23,No
C0761,Female,0,Yes,No,61,Yes,Yes,No,No,Yes,Yes,Yes,No internet service,Yes,One year,Yes,Mailed check,29.53,8215.12,No
C0762,Female,0,Yes,No,7,Yes,Yes,Fiber optic,No internet service,No internet service,No internet service,Yes,Yes,No internet service,One year,Yes,Electronic check,89.97,581.95,No
C0763,Female,1,Yes,No,17,Yes,No phone service,No,Yes,No,No internet service,Yes,No internet service,No,One year,Yes,Bank transfer (automatic),104.72,2082.0,No
C0764,Male,1,Yes,Yes,32,Yes,No,Fiber optic,Yes,No internet service,No internet service,No,No,No,One year,Yes,Mailed check,33.38,2569.88,Yes
C0765,Female,1,No,Yes,11,No,No phone service,No,Yes,No,No internet service,No internet service,No,No,Two year,Yes,Electronic check,90.87,3617.35,Yes
C0766,Female,1,Yes,No,41,Yes,No,No,Yes,No,No internet service,No internet service,No,Yes,Month-to-month,No,Credit card (automatic),65.91,4031.09,No
C0767,Male,0,No,No,1,Yes,No,Fiber optic,No,No,Yes,No internet service,No internet service,No internet service,Month-to-month,No,Mailed check,104.99,2490.27,No
C0768,Male,0,Yes,No,9,Yes,No,DSL,Yes,No internet service,Yes,No,No,No internet service,One year,Yes,Bank transfer (automatic),110.56,6722.6,Yes
C0769,Male,0,No,Yes,4,No,Yes,No,No internet service,No internet service,Yes,No,Yes,No internet service,Month-to-month,Yes,Electronic check,106.99,1911.56,Yes
C0770,Female,0,No,Yes,21,Yes,No,DSL,No,Yes,Yes,No,Yes,No internet service,Month-to-month,No,Mailed check,24.57,5925.86,No
C0771,Female,0,Yes,Yes,55,Yes,No phone service,DSL,No internet service,No internet service,No internet service,Yes,No internet service,No internet service,Two year,Yes,Mailed check,95.2,7242.7,No
C0772,Male,0,Yes,No,13,Yes,No phone service,Fiber optic,No,No internet service,No,No,No,No internet service,One year,No,Electronic check,112.0,5138.57,No
C0773,Female,0,No,Yes,71,Yes,No,No,Yes,Yes,Yes,Yes,Yes,No,One year,Yes,Credit card (automatic),81.38,3021.98,Yes
C0774,Female,1,No,Yes,20,Yes,No phone service,DSL,No,Yes,Yes,No,Yes,No internet service,Two year,Yes,Mailed check,79.29,1611.69,Yes
C0775,Female,0,Yes,Yes,4,No,No phone service,No,Yes,No internet service,Yes,Yes,Yes,Yes,Month-to-month,Yes,Bank transfer (automatic),22.59,1157.52,No
C0776,Male,0,No,No,24,Yes,No,No,No internet service,No internet service,No,No internet service,No internet service,No internet service,One year,Yes,Bank transfer (automatic),105.32,6330.09,Yes
C0777,Male,0,No,No,54,Yes,No,No,No internet service,No,No,No internet service,No internet service,No,Month-to-month,No,Mailed check,22.73,3997.18,Yes
C0778,Male,0,Yes,No,8,No,Yes,Fiber optic,Yes,No,Yes,No internet service,No,No,One year,Yes,Bank transfer (automatic),49.98,410.88,No
C0779,Female,1,Yes,Yes,6,Yes,Yes,DSL,No,No internet service,No internet service,Yes,Yes,No,Month-to-month,No,Bank transfer (automatic),112.44,8362.93,No
C0780,Female,0,Yes,Yes,61,Yes,No phone service,Fiber optic,No,Yes,Yes,Yes,No,Yes,Two year,Yes,Electronic check,114.87,5711.99,Yes
C0781,Female,0,No,Yes,43,Yes,Yes,DSL,Yes,Yes,No,No internet service,Yes,No,Month-to-month,No,Bank transfer (automatic),119.17,7178.36,No
C0782,Male,0,No,Yes,25,No,No,No,Yes,No internet service,No,No internet service,No,No,Month-to-month,Yes,Electronic check,66.59,3734.72,No
C0783,Male,1,No,No,54,No,No phone service,Fiber optic,No internet service,Yes,No,No,No,Yes,Month-to-month,No,Mailed check,36.1,8122.03,Yes
C0784,Male,1,No,No,60,No,Yes,Fiber optic,Yes,No,No internet service,Yes,No internet service,No internet service,Month-to-month,Yes,Mailed check,67.77,1710.37,No
C0785,Female,0,Yes,No,26,No,No phone service,Fiber optic,No,No,No internet service,No,Yes,Yes,Month-to-month,Yes,Mailed check,28.44,1588.32,No
C0786,Male,0,Yes,Yes,40,No,No,No,Yes,No,Yes,No,Yes,No internet service,Month-to-month,No,Electronic check,107.0,7569.82,No
C0787,Female,0,Yes,Yes,1,No,Yes,Fiber optic,No,Yes,No,No internet service,Yes,Yes,Two year,Yes,Bank transfer (automatic),75.17,7581.54,No
C0788,Female,0,Yes,No,22,No,Yes,No,Yes,No internet service,Yes,No,No,Yes,Two year,No,Mailed check,59.26,4250.68,No
C0789,Male,1,No,Yes,43,No,No phone service,No,No,No internet service,No,Yes,No,Yes,Two year,Yes,Electronic check,26.11,1084.92,Yes
C0790,Male,1,No,Yes,14,No,No phone service,No,No,Yes,No,No internet service,Yes,Yes,Two year,No,Electronic check,59.33,2606.85,No
C0791,Male,1,Yes,Yes,71,Yes,No phone service,Fiber optic,No,No,No,No internet service,No internet service,Yes,Two year,No,Bank transfer (automatic),106.35,6414.72,No
C0792,Female,0,No,Yes,69,Yes,No phone service,No,No,Yes,Yes,Yes,No,No internet service,One year,Yes,Bank transfer (automatic),89.75,7193.7,Yes
C0793,Female,0,No,No,19,No,Yes,DSL,Yes,Yes,Yes,Yes,No internet service,No internet service,One year,No,Bank transfer (automatic),26.41,2966.81,No
C0794,Male,0,Yes,No,29,Yes,No phone service,DSL,No,No internet service,Yes,Yes,No,No,One year,Yes,Bank transfer (automatic),34.31,537.38,No
C0795,Male,0,No,Yes,14,Yes,Yes,Fiber optic,No internet service,No,Yes,No internet service,Yes,Yes,Month-to-month,Yes,Credit card (automatic),58.02,5664.69,No
C0796,Female,1,No,No,36,No,Yes,No,No,No,No,No,Yes,No internet service,One year,No,Credit card (automatic),28.34,6290.41,No
C0797,Male,0,No,Yes,9,No,No phone service,DSL,Yes,No internet service,No internet service,No,No,No,Two year,No,Credit card (automatic),113.27,3614.49,No
C0798,Male,0,No,Yes,28,No,No,Fiber optic,No internet service,No internet service,Yes,No internet service,No,No,Month-to-month,No,Credit card (automatic),84.53,4963.83,No
C0799,Male,1,Yes,Yes,40,Yes,No,DSL,No internet service,No internet service,Yes,Yes,No internet service,No internet service,Two year,Yes,Credit card (automatic),27.67,8392.89,No
C0800,Male,0,No,No,44,Yes,No phone service,Fiber optic,No internet service,No internet service,No,Yes,No internet service,No,Two year,Yes,Mailed check,98.38,2096.08,No
C0801,Male,0,Yes,No,43,Yes,Yes,DSL,No internet service,No,No internet service,No internet service,Yes,No,One year,Yes,Bank transfer (automatic),55.58,4878.0,No
C0802,Female,0,No,No,16,Yes,No,No,No internet service,No,Yes,No,Yes,No internet service,One year,No,Bank transfer (automatic),42.98,5200.17,No
C0803,Female,0,Yes,Yes,57,No,No phone service,No,No internet service,Yes,Yes,Yes,Yes,No,Month-to-month,No,Electronic check,76.14,4675.53,No
C0804,Female,0,Yes,Yes,50,Yes,No,No,No,No internet service,No,No internet service,Yes,No internet service,Month-to-month,No,Bank transfer (automatic),19.36,7389.96,No
C0805,Female,0,No,No,54,Yes,No,No,Yes,Yes,No,Yes,Yes,No internet service,Month-to-month,No,Bank transfer (automatic),65.47,5149.67,No
C0806,Female,0,Yes,Yes,34,Yes,No,DSL,No,No internet service,No internet service,No internet service,Yes,No internet service,Two year,Yes,Bank transfer (automatic),104.07,4325.92,Yes
C0807,Male,0,Yes,Yes,64,No,No phone service,Fiber optic,Yes,No internet service,Yes,No internet service,No,Yes,One year,No,Credit card (automatic),112.66,1061.41,No
C0808,Male,0,No,No,28,Yes,Yes,DSL,No internet service,Yes,Yes,No internet service,Yes,Yes,Month-to-month,No,Bank transfer (automatic),52.94,5982.62,Yes
C0809,Female,1,Yes,No,58,Yes,No phone service,Fiber optic,No,No internet service,No,No,Yes,No,One year,No,Credit card (automatic),83.53,1138.53,Yes
C0810,Male,0,No,Yes,15,No,No phone service,Fiber optic,No internet service,No internet service,No,Yes,Yes,No,Two year,Yes,Credit card (automatic),41.14,243.37,No
C0811,Female,1,Yes,Yes,18,No,No phone service,No,No,No,No internet service,No internet service,No internet service,No internet service,Month-to-month,Yes,Credit card (automatic),75.14,4161.72,No
C0812,Female,1,Yes,No,38,Yes,No,DSL,No,No,No,No,No,Yes,Month-to-month,Yes,Mailed check,43.91,4873.48,No
C0813,Male,0,No,Yes,40,No,No,No,No internet service,No internet service,No,No,No internet service,No internet service,Two year,No,Electronic check,76.28,8491.98,Yes
C0814,Female,1,Yes,Yes,53,No,No,Fiber optic,No,No,Yes,Yes,Yes,No internet service,Two year,No,Mailed check,35.52,6059.96,Yes
C0815,Female,0,Yes,Yes,22,Yes,Yes,No,No,Yes,Yes,No,Yes,No internet service,One year,No,Bank transfer (automatic),114.01,7215.74,Yes
C0816,Male,0,No,Yes,62,Yes,No phone service,Fiber optic,No,Yes,No internet service,No,No,No internet service,Two year,Yes,Credit card (automatic),108.47,2956.06,No
C0817,Male,0,No,No,24,No,No,Fiber optic,No internet service,No internet service,Yes,Yes,No,No internet service,One year,No,Credit card (automatic),52.37,4334.61,Yes
C0818,Female,0,Yes,No,38,Yes,No phone service,No,No internet service,No,No,No internet service,Yes,No,One year,Yes,Bank transfer (automatic),97.22,8281.75,No
C0819,Female,0,No,No,67,No,Yes,No,Yes,Yes,No internet service,Yes,Yes,No,Month-to-month,Yes,Bank transfer (automatic),27.74,3558.29,Yes
C0820,Male,0,No,Yes,39,No,No phone service,DSL,No,No internet service,No internet service,No internet service,No,No,Two year,No,Credit card (automatic),93.52,6865.44,No
C0821,Female,1,No,Yes,49,No,No,Fiber optic,No,Yes,Yes,No internet service,Yes,No internet service,Two year,No,Bank transfer (automatic),46.81,4479.44,No
C0822,Male,0,Yes,No,65,No,No phone service,DSL,No,Yes,Yes,No,No,Yes,Month-to-month,Yes,Electronic check,31.84,1917.64,No
C0823,Female,1,No,Yes,70,Yes,Yes,Fiber optic,Yes,No,No internet service,Yes,No internet service,No,Two year,Yes,Bank transfer (automatic),87.18,4941.11,No
C0824,Female,1,No,No,36,No,No,No,No internet service,Yes,No internet service,No,No,No,Two year,No,Mailed check,65.92,1867.6,Yes
C0825,Male,1,No,No,30,No,No,No,No internet service,No,Yes,No,No,No,Month-to-month,Yes,Bank transfer (automatic),72.07,43.67,No
C0826,Female,0,Yes,Yes,14,Yes,No,DSL,Yes,No internet service,No,No,No,No,Month-to-month,Yes,Bank transfer (automatic),71.09,2018.87,No
C0827,Female,1,No,No,39,No,Yes,Fiber optic,Yes,No internet service,Yes,Yes,No internet service,No internet service,One year,No,Mailed check,24.06,1656.25,Yes
C0828,Female,1,No,No,66,Yes,No,Fiber optic,No,No internet service,No internet service,No,No,Yes,One year,No,Mailed check,23.24,3164.15,No
C0829,Male,1,Yes,Yes,35,Yes,Yes,Fiber optic,Yes,Yes,No internet service,Yes,No,No internet service,One year,No,Electronic check,79.32,7555.08,No
C0830,Male,0,No,No,25,Yes,No,DSL,No internet service,Yes,Yes,No,No internet service,No internet service,One year,No,Mailed check,81.63,3307.77,No
C0831,Male,1,No,Yes,8,Yes,Yes,DSL,No internet service,No internet service,No,No,Yes,No internet service,Two year,No,Credit card (automatic),22.81,7186.88,No
C0832,Male,1,Yes,No,28,No,No,Fiber optic,No internet service,No,No,No,Yes,No internet service,One year,No,Bank transfer (automatic),56.6,4730.71,No
C0833,Male,0,No,No,17,Yes,No,Fiber optic,No,No internet service,Yes,No internet service,No,No,Month-to-month,No,Credit card (automatic),80.51,82.59,No
C0834,Female,0,Yes,Yes,70,Yes,Yes,No,No internet service,Yes,Yes,No internet service,Yes,Yes,Month-to-month,No,Credit card (automatic),84.98,1618.86,Yes
C0835,Female,0,No,No,38,No,No phone service,Fiber optic,Yes,No internet service,No internet service,No internet service,Yes,No,Two year,Yes,Credit card (automatic),102.48,7917.1,Yes
C0836,Female,1,No,Yes,10,No,No phone service,Fiber optic,Yes,No,No,No internet service,Yes,Yes,Two year,No,Electronic check,60.91,5142.6,Yes
C0837,Male,0,No,No,5,Yes,Yes,Fiber optic,Yes,No internet service,Yes,No internet service,No internet service,Yes,One year,No,Mailed check,73.92,7902.42,No
C0838,Male,0,Yes,No,61,Yes,Yes,No,No internet service,Yes,Yes,Yes,No,No internet service,Month-to-month,Yes,Electronic check,77.01,2648.44,No
C0839,Female,1,No,No,67,No,No phone service,Fiber optic,No,No,No,Yes,No internet service,No,Month-to-month,Yes,Electronic check,49.83,6095.88,Yes
C0840,Male,0,Yes,No,55,No,Yes,Fiber optic,Yes,No internet service,No internet service,No,Yes,No,Month-to-month,No,Electronic check,23.49,6566.32,No
C0841,Female,0,No,Yes,9,No,No phone service,DSL,Yes,No,No,No,No,No internet service,Month-to-month,No,Mailed check,18.43,8293.88,Yes
C0842,Female,1,No,No,7,No,No,No,No,No,No internet service,No internet service,No,Yes,One year,No,Electronic check,103.28,172.17,No
C0843,Male,1,Yes,Yes,15,Yes,No,No,Yes,Yes,No,Yes,No,No internet service,Month-to-month,Yes,Credit card (automatic),38.42,8094.88,Yes
C0844,Male,1,Yes,No,54,No,Yes,DSL,No,No internet service,No internet service,Yes,No internet service,No,Month-to-month,No,Bank transfer (automatic),82.29,3339.47,No
C0845,Male,1,Yes,Yes,55,Yes,No,Fiber optic,No,Yes,No internet service,No internet service,No internet service,No,Month-to-month,No,Bank transfer (automatic),76.86,7125.85,No
C0846,Male,0,No,No,60,Yes,Yes,DSL,Yes,No,Yes,No internet service,No,No,Two year,No,Bank transfer (automatic),58.76,4638.25,No
C0847,Male,1,Yes,Yes,7,No,No,No,Yes,No internet service,Yes,Yes,No internet service,No,One year,No,Credit card (automatic),103.02,4807.36,Yes
C0848,Female,1,Yes,No,11,No,No,DSL,No,No,No internet service,Yes,Yes,No,Month-to-month,Yes,Electronic check,89.24,3066.24,No
C0849,Female,0,Yes,Yes,64,Yes,Yes,DSL,No,No,No internet service,No,Yes,No,Two year,No,Mailed check,20.32,7045.1,No
C0850,Female,0,Yes,No,66,Yes,No,DSL,Yes,Yes,Yes,No,No internet service,Yes,One year,Yes,Mailed check,97.22,2257.36,Yes
C0851,Female,0,Yes,Yes,52,No,No,Fiber optic,No,No,No,Yes,Yes,Yes,Month-to-month,Yes,Bank transfer (automatic),69.71,4193.19,No
C0852,Female,0,Yes,Yes,8,Yes,No phone service,DSL,No,No internet service,No internet service,No,Yes,No,Two year,Yes,Bank transfer (automatic),53.4,4769.4,Yes
C0853,Male,0,Yes,Yes,5,No,Yes,Fiber optic,Yes,Yes,No internet service,No internet service,Yes,Yes,Two year,Yes,Credit card (automatic),92.14,6316.06,Yes
C0854,Male,0,No,Yes,4,Yes,No phone service,No,No,No,Yes,No internet service,Yes,No,One year,No,Bank transfer (automatic),87.98,4018.41,No
C0855,Female,1,Yes,No,50,No,No phone service,No,Yes,No,No internet service,No internet service,No,No internet service,Month-to-month,Yes,Electronic check,49.68,5788.16,Yes
C0856,Male,0,No,Yes,61,Yes,No phone service,DSL,Yes,Yes,No,No,Yes,Yes,Month-to-month,Yes,Bank transfer (automatic),118.27,4134.26,No
C0857,Male,1,No,Yes,45,Yes,No phone service,DSL,Yes,No internet service,No internet service,No internet service,No,Yes,One year,Yes,Credit card (automatic),84.17,5610.36,No
C0858,Female,1,No,Yes,19,Yes,No,DSL,Yes,No,Yes,Yes,No internet service,Yes,Two year,Yes,Bank transfer (automatic),79.79,5736.08,Yes
C0859,Female,1,Yes,Yes,54,No,No phone service,No,Yes,Yes,No,Yes,Yes,No internet service,Two year,No,Bank transfer (automatic),25.13,6035.48,Yes
C0860,Female,1,Yes,No,5,No,No phone service,Fiber optic,No internet service,No,Yes,Yes,No internet service,No internet service,Two year,No,Electronic check,46.49,7001.23,No
C0861,Female,0,No,No,59,No,No,Fiber optic,Yes,No internet service,No,No internet service,No,Yes,Two year,Yes,Electronic check,63.59,4604.41,No
C0862,Male,1,No,Yes,64,No,Yes,No,No internet service,No internet service,Yes,No,No,No,One year,Yes,Electronic check,82.32,1657.39,No
C0863,Female,0,No,No,52,Yes,No,Fiber optic,No internet service,No,No,Yes,No,No internet service,One year,No,Electronic check,70.3,5782.71,No
C0864,Female,1,Yes,No,63,No,No phone service,DSL,No internet service,No,No internet service,No internet service,Yes,No internet service,Two year,No,Mailed check,95.83,672.12,No
C0865,Female,0,Yes,No,42,No,No phone service,Fiber optic,No internet service,No internet service,No,Yes,Yes,No,Two year,Yes,Credit card (automatic),44.78,1875.18,No
C0866,Female,0,Yes,No,34,No,No,No,Yes,Yes,Yes,No,No,Yes,One year,No,Mailed check,89.62,6737.08,Yes
C0867,Female,1,Yes,No,23,No,Yes,DSL,No,Yes,No,Yes,No internet service,No internet service,Month-to-month,Yes,Bank transfer (automatic),101.29,3708.26,No
C0868,Male,0,No,Yes,66,No,No phone service,Fiber optic,No internet service,No,No,Yes,No,No internet service,Two year,Yes,Credit card (automatic),96.04,4242.41,No
C0869,Male,1,Yes,No,50,No,Yes,Fiber optic,No,No,No internet service,Yes,No,No,Month-to-month,No,Credit card (automatic),96.63,8393.1,No
C0870,Male,0,Yes,Yes,14,No,Yes,DSL,Yes,No,Yes,Yes,No,Yes,One year,Yes,Bank transfer (automatic),108.63,2012.73,Yes
C0871,Male,0,No,Yes,68,Yes,No,DSL,No,Yes,Yes,No,No,No internet service,One year,Yes,Credit card (automatic),26.59,183.85,No
C0872,Male,1,No,No,5,No,No phone service,Fiber optic,No internet service,No internet service,No,Yes,Yes,Yes,Two year,Yes,Mailed check,89.11,962.66,Yes
C0873,Male,1,Yes,Yes,42,Yes,Yes,Fiber optic,No internet service,No,No internet service,Yes,No,No internet service,Month-to-month,Yes,Mailed check,116.81,2091.86,No
C0874,Female,0,Yes,No,14,No,No,DSL,No,No internet service,No,No,No internet service,No internet service,One year,No,Mailed check,76.51,6175.25,Yes
C0875,Female,0,No,No,48,Yes,Yes,Fiber optic,Yes,No internet service,Yes,No,Yes,No,One year,Yes,Credit card (automatic),40.17,6598.52,Yes
C0876,Female,0,No,No,30,No,No,Fiber optic,Yes,No internet service,Yes,No,No internet service,No,Month-to-month,Yes,Mailed check,119.87,4814.48,No
C0877,Female,1,No,Yes,32,Yes,Yes,Fiber optic,Yes,No,No internet service,No,No internet service,Yes,Month-to-month,Yes,Credit card (automatic),35.82,2181.3,No
C0878,Female,1,No,Yes,48,No,No,No,No,No,No internet service,No internet service,Yes,No internet service,One year,Yes,Electronic check,52.23,4443.41,No
C0879,Female,0,No,Yes,54,Yes,No,DSL,Yes,Yes,Yes,No internet service,No,Yes,Two year,No,Electronic check,35.55,144.87,No
C0880,Male,0,Yes,No,27,Yes,Yes,Fiber optic,No,No,Yes,Yes,No internet service,Yes,One year,No,Bank transfer (automatic),65.38,5801.04,No
C0881,Female,0,Yes,Yes,71,No,Yes,DSL,Yes,No internet service,Yes,No internet service,No,No internet service,Two year,Yes,Credit card (automatic),60.73,5228.47,Yes
C0882,Male,0,No,No,36,No,No phone service,No,Yes,No,No,No,No internet service,No internet service,Two year,No,Bank transfer (automatic),68.11,202.88,No
C0883,Male,1,Yes,Yes,12,Yes,Yes,DSL,Yes,Yes,No internet service,No,No internet service,No,Two year,Yes,Mailed check,112.65,6947.89,No
C0884,Female,1,Yes,Yes,1,Yes,Yes,No,Yes,Yes,Yes,No internet service,No,No,Two year,Yes,Electronic check,66.79,6493.38,No
C0885,Female,0,Yes,Yes,15,No,Yes,DSL,No internet service,No,No internet service,Yes,No internet service,No,Two year,No,Mailed check,70.49,2632.35,Yes
C0886,Male,1,No,Yes,50,No,No phone service,DSL,No internet service,No,Yes,No,No internet service,Yes,Two year,Yes,Mailed check,108.44,5407.26,Yes
C0887,Male,0,Yes,Yes,39,Yes,No,Fiber optic,No internet service,No internet service,No internet service,No internet service,No internet service,No,Month-to-month,No,Mailed check,101.41,5119.86,No
C0888,Male,0,Yes,Yes,24,No,Yes,No,No,No internet service,Yes,No internet service,No internet service,No internet service,Two year,No,Credit card (automatic),42.45,1232.46,Yes
C0889,Male,0,Yes,No,35,Yes,No phone service,DSL,Yes,No,No internet service,Yes,Yes,No,Month-to-month,No,Credit card (automatic),19.32,1657.23,No
C0890,Male,0,Yes,No,60,No,Yes,DSL,No internet service,No,No,No,Yes,No internet service,Two year,Yes,Credit card (automatic),82.21,5812.95,No
C0891,Female,0,No,No,41,Yes,No,No,No,No internet service,Yes,Yes,Yes,No internet service,One year,Yes,Electronic check,104.17,7936.39,No
C0892,Female,1,Yes,Yes,5,Yes,Yes,DSL,No internet service,Yes,Yes,Yes,Yes,No internet service,Two year,No,Electronic check,74.39,4906.04,No
C0893,Female,1,No,Yes,4,Yes,No phone service,DSL,No,No,No internet service,Yes,No internet service,No internet service,One year,No,Mailed check,39.54,4834.19,No
C0894,Female,0,Yes,No,35,No,No phone service,No,No,No,No,No,No,No internet service,One year,Yes,Bank transfer (automatic),93.62,5503.15,No
C0895,Female,1,No,No,29,No,No phone service,DSL,No,No internet service,No,No internet service,No,No internet service,One year,Yes,Bank transfer (automatic),86.29,3754.99,No
C0896,Female,1,No,No,61,Yes,Yes,No,Yes,No internet service,No internet service,No,Yes,No internet service,One year,No,Mailed check,75.63,477.49,No
C0897,Male,1,No,Yes,42,No,Yes,No,No,No,No,No,No internet service,No internet service,One year,Yes,Electronic check,106.06,3381.15,No
C0898,Male,1,No,Yes,54,No,No phone service,No,No internet service,No,No,No internet service,No,No internet service,One year,Yes,Mailed check,97.99,7653.94,Yes
C0899,Female,0,Yes,No,42,No,No phone service,DSL,Yes,No internet service,No,No,No internet service,No internet service,One year,No,Credit card (automatic),86.13,6845.56,No
C0900,Male,1,No,No,25,No,Yes,DSL,Yes,No,Yes,No internet service,Yes,No internet service,One year,No,Credit card (automatic),85.81,7884.41,No
C0901,Male,1,No,No,47,Yes,No phone service,Fiber optic,No internet service,Yes,Yes,No,Yes,No,Month-to-month,No,Credit card (automatic),85.54,1314.32,No
C0902,Male,1,No,No,45,Yes,No phone service,Fiber optic,No,Yes,Yes,Yes,Yes,No internet service,One year,No,Bank transfer (automatic),71.57,4309.53,Yes
C0903,Female,0,No,Yes,52,No,No,No,No internet service,No internet service,No,No,Yes,No internet service,Month-to-month,No,Electronic check,65.32,4977.66,Yes
C0904,Male,0,No,No,14,Yes,No,Fiber optic,No,No,No,No,No internet service,No,Month-to-month,Yes,Credit card (automatic),90.38,1798.59,No
C0905,Female,0,No,No,46,Yes,Yes,No,No,Yes,No internet service,No,No,Yes,One year,No,Electronic check,80.27,1722.63,No
C0906,Male,0,No,No,21,Yes,Yes,No,No internet service,No internet service,No internet service,No internet service,No,No internet service,Month-to-month,Yes,Mailed check,67.98,6651.2,No
C0907,Male,0,No,No,57,No,Yes,No,No,No internet service,Yes,Yes,Yes,No,One year,Yes,Credit card (automatic),30.92,5716.65,No
C0908,Male,0,Yes,Yes,57,No,Yes,DSL,Yes,No,No internet service,No,Yes,No,Two year,No,Bank transfer (automatic),89.6,5507.44,No
C0909,Male,1,Yes,No,45,No,No phone service,DSL,No,Yes,No internet service,No,No internet service,No internet service,Two year,No,Electronic check,83.89,2282.59,Yes
C0910,Female,0,Yes,Yes,68,Yes,No,DSL,Yes,No internet service,No,Yes,No internet service,Yes,Month-to-month,No,Bank transfer (automatic),52.91,4316.42,Yes
C0911,Male,1,Yes,No,39,Yes,No phone service,Fiber optic,No,Yes,No,No,No internet service,No,One year,No,Electronic check,54.34,213.68,Yes
C0912,Male,0,Yes,Yes,2,No,Yes,DSL,No internet service,No,Yes,No internet service,No internet service,Yes,One year,Yes,Mailed check,43.17,1120.2,No
C0913,Female,1,Yes,No,44,Yes,No phone service,No,Yes,No internet service,Yes,No,No,Yes,Two year,Yes,Credit card (automatic),116.12,4413.8,No
C0914,Female,0,Yes,No,56,No,Yes,DSL,No internet service,No,Yes,Yes,Yes,No internet service,One year,Yes,Mailed check,105.74,2644.64,No
C0915,Male,1,Yes,Yes,8,Yes,No phone service,No,No,Yes,No,Yes,No internet service,No,Two year,Yes,Credit card (automatic),75.23,8208.81,No
C0916,Female,0,No,Yes,8,Yes,Yes,No,Yes,Yes,No,No,No internet service,Yes,Two year,Yes,Bank transfer (automatic),58.97,4017.13,No
C0917,Female,0,No,No,20,Yes,Yes,DSL,Yes,No,Yes,No internet service,No,No,Month-to-month,Yes,Bank transfer (automatic),93.16,726.79,No
C0918,Male,0,No,Yes,60,No,Yes,DSL,No internet service,No internet service,Yes,Yes,Yes,Yes,One year,Yes,Bank transfer (automatic),71.83,169.34,No
C0919,Female,1,Yes,No,38,No,No phone service,Fiber optic,No internet service,No internet service,Yes,Yes,No internet service,No internet service,One year,No,Bank transfer (automatic),117.54,6169.64,No
C0920,Female,0,Yes,No,70,Yes,Yes,Fiber optic,No internet service,Yes,No,No internet service,No internet service,Yes,One year,No,Electronic check,23.62,1472.72,No
C0921,Female,1,No,No,62,No,No,DSL,No,Yes,No internet service,Yes,Yes,No,One year,Yes,Credit card (automatic),21.5,1611.02,Yes
C0922,Male,1,Yes,Yes,40,No,No,Fiber optic,No,No internet service,No,Yes,Yes,No,Month-to-month,Yes,Mailed check,76.0,3612.73,No
C0923,Male,0,No,Yes,49,No,No phone service,DSL,No,Yes,Yes,Yes,No internet service,Yes,One year,Yes,Bank transfer (automatic),38.73,2257.76,Yes
C0924,Male,0,Yes,No,24,No,No,DSL,No,Yes,Yes,No internet service,Yes,No internet service,Two year,Yes,Bank transfer (automatic),79.64,5247.81,Yes
C0925,Female,0,Yes,No,7,Yes,Yes,No,Yes,No,Yes,No,No internet service,No,Month-to-month,No,Bank transfer (automatic),97.71,4137.64,No
C0926,Female,0,No,No,29,No,No,No,Yes,No,No internet service,Yes,No internet service,No,One year,No,Mailed check,32.09,963.32,No
C0927,Male,0,Yes,Yes,43,No,Yes,DSL,No internet service,Yes,No internet service,Yes,Yes,No,Two year,No,Credit card (automatic),62.94,6674.17,Yes
C0928,Male,0,Yes,No,13,Yes,No phone service,No,No,Yes,Yes,No internet service,Yes,No internet service,One year,Yes,Electronic check,88.24,3630.13,Yes
C0929,Female,1,No,No,16,Yes,No phone service,Fiber optic,Yes,Yes,Yes,No internet service,No,Yes,Two year,Yes,Bank transfer (automatic),103.05,5199.1,No
C0930,Female,0,Yes,No,2,No,Yes,Fiber optic,No internet service,No,Yes,Yes,No,No internet service,One year,Yes,Bank transfer (automatic),68.63,51.44,Yes
C0931,Female,0,No,Yes,53,No,No phone service,DSL,Yes,Yes,No internet service,Yes,No internet service,No,Month-to-month,No,Bank transfer (automatic),39.03,5331.13,Yes
C0932,Male,1,Yes,No,64,Yes,Yes,Fiber optic,No,Yes,Yes,Yes,No,Yes,Two year,No,Electronic check,77.75,2417.13,No
C0933,Female,1,Yes,No,59,Yes,No,Fiber optic,Yes,No,No internet service,No internet service,Yes,No,Month-to-month,No,Mailed check,64.36,4211.25,No
C0934,Male,0,No,Yes,27,No,No,Fiber optic,No,Yes,No,Yes,No internet service,No internet service,Month-to-month,No,Electronic check,96.74,2543.27,No
C0935,Female,0,Yes,No,43,Yes,Yes,DSL,No,Yes,Yes,Yes,No internet service,Yes,Month-to-month,No,Bank transfer (automatic),74.67,8468.28,No
C0936,Male,0,No,No,69,Yes,No,DSL,No internet service,No,No internet service,No,No,No,Two year,No,Bank transfer (automatic),46.5,1976.0,No
C0937,Male,1,No,Yes,42,No,Yes,Fiber optic,No internet service,Yes,No,No,No internet service,No,Two year,Yes,Bank transfer (automatic),94.95,7760.88,Yes
C0938,Male,1,No,No,22,No,No phone service,DSL,No internet service,No,No internet service,No,No internet service,No internet service,Month-to-month,Yes,Credit card (automatic),70.81,7804.19,No
C0939,Female,0,Yes,No,25,Yes,No phone service,DSL,Yes,No,Yes,No internet service,No internet service,No,One year,Yes,Mailed check,36.11,3588.93,No
C0940,Female,0,No,No,52,Yes,No phone service,Fiber optic,Yes,No,No,Yes,No internet service,No internet service,One year,Yes,Mailed check,75.43,2596.55,No
C0941,Male,0,No,Yes,32,Yes,No,No,No internet service,No,No,No,No,No internet service,Month-to-month,No,Mailed check,114.73,3249.94,No
C0942,Female,1,No,No,60,Yes,No,Fiber optic,No internet service,No internet service,No,No,Yes,No internet service,Two year,Yes,Electronic check,89.96,8409.57,Yes
C0943,Male,0,Yes,No,62,No,No,DSL,Yes,Yes,Yes,Yes,No,No,Two year,Yes,Credit card (automatic),48.48,5266.63,Yes
C0944,Male,0,No,Yes,3,Yes,No phone service,No,Yes,Yes,No,No internet service,No internet service,No internet service,One year,Yes,Credit card (automatic),90.51,4638.83,No
C0945,Male,0,Yes,No,52,Yes,No,Fiber optic,No,Yes,No internet service,No,No internet service,Yes,One year,No,Mailed check,46.83,322.66,Yes
C0946,Female,0,No,Yes,27,Yes,No,No,Yes,No internet service,No internet service,No,No internet service,No internet service,Two year,No,Credit card (automatic),73.35,7209.4,No
C0947,Male,1,Yes,Yes,37,No,No,DSL,Yes,No internet service,Yes,No internet service,No,No internet service,One year,Yes,Electronic check,71.71,728.84,Yes
C0948,Female,0,No,No,19,No,No,Fiber optic,No internet service,No internet service,No internet service,Yes,No,Yes,One year,Yes,Electronic check,43.23,416.42,No
C0949,Male,0,No,Yes,27,No,No,DSL,No,No,No internet service,No internet service,Yes,No,One year,No,Mailed check,53.48,2349.35,No
C0950,Male,1,Yes,Yes,24,Yes,No phone service,Fiber optic,Yes,No,Yes,No internet service,Yes,No internet service,One year,No,Mailed check,114.1,4053.64,No
C0951,Male,1,No,Yes,4,No,No,DSL,No,No,Yes,Yes,Yes,Yes,One year,No,Electronic check,43.56,7611.84,No
C0952,Female,0,No,No,56,Yes,No phone service,No,No,Yes,No internet service,No internet service,No internet service,No internet service,Month-to-month,No,Bank transfer (automatic),99.7,6719.45,No
C0953,Male,0,Yes,Yes,11,No,No phone service,DSL,No,No,Yes,No internet service,No internet service,No internet service,One year,No,Credit card (automatic),86.07,1694.32,Yes
C0954,Female,1,Yes,No,27,No,No,Fiber optic,No internet service,No,Yes,No,Yes,No internet service,One year,No,Mailed check,72.33,3173.98,No
C0955,Female,0,No,No,14,No,No phone service,DSL,Yes,Yes,No,No,No,Yes,Month-to-month,No,Mailed check,32.03,6636.0,Yes
C0956,Male,1,Yes,No,12,Yes,Yes,No,No,No internet service,No,No internet service,No,No internet service,One year,Yes,Electronic check,38.87,4488.8,Yes
C0957,Female,1,Yes,No,27,No,No phone service,Fiber optic,No internet service,No internet service,No,Yes,Yes,No internet service,One year,No,Mailed check,36.26,1498.04,Yes
C0958,Female,1,No,Yes,66,No,Yes,No,No,Yes,No,Yes,No,Yes,One year,Yes,Credit card (automatic),77.85,3377.34,No
C0959,Male,0,Yes,Yes,68,No,No,Fiber optic,No internet service,No internet service,No internet service,No,No,No internet service,Two year,Yes,Credit card (automatic),117.29,5327.19,Yes
C0960,Male,1,No,No,28,Yes,Yes,Fiber optic,No,Yes,No internet service,No internet service,No internet service,No,One year,No,Electronic check,107.48,8272.9,No
C0961,Male,1,Yes,No,36,No,No,DSL,No,No internet service,Yes,No,No internet service,No internet service,One year,Yes,Electronic check,20.58,5631.49,No
C0962,Female,0,No,No,70,No,No,Fiber optic,No internet service,No internet service,Yes,Yes,Yes,Yes,Month-to-month,Yes,Credit card (automatic),45.92,155.37,No
C0963,Male,1,Yes,Yes,17,Yes,No phone service,Fiber optic,No,Yes,Yes,No,No,No internet service,Two year,No,Electronic check,34.04,5997.88,No
C0964,Female,1,No,Yes,68,No,Yes,DSL,No internet service,No,No,Yes,No internet service,No,Month-to-month,Yes,Bank transfer (automatic),117.52,2145.84,No
C0965,Female,1,No,No,8,Yes,No phone service,Fiber optic,No internet service,Yes,No,No internet service,No internet service,Yes,One year,No,Credit card (automatic),42.03,7330.83,No
C0966,Female,0,Yes,No,17,No,No phone service,DSL,No internet service,No internet service,No internet service,No,No internet service,No,Month-to-month,Yes,Credit card (automatic),38.53,3274.15,No
C0967,Male,0,Yes,Yes,25,No,No,DSL,Yes,Yes,No,No,No internet service,No internet service,Two year,No,Bank transfer (automatic),81.33,1711.13,No
C0968,Female,1,No,No,3,Yes,No,DSL,No,Yes,Yes,No,Yes,No internet service,One year,No,Mailed check,74.73,3987.13,No
C0969,Male,0,No,No,58,Yes,No phone service,Fiber optic,No internet service,Yes,No internet service,No internet service,No internet service,Yes,Month-to-month,No,Credit card (automatic),41.04,2182.59,No
C0970,Male,1,No,Yes,61,No,Yes,DSL,No,Yes,Yes,No internet service,No internet service,No internet service,Month-to-month,No,Bank transfer (automatic),86.38,2018.24,No
C0971,Male,1,Yes,No,28,Yes,No phone service,DSL,Yes,Yes,No internet service,No,No internet service,No,Two year,Yes,Credit card (automatic),27.89,4880.41,No
C0972,Male,1,No,Yes,60,Yes,Yes,Fiber optic,Yes,No,No internet service,No,No internet service,Yes,One year,No,Bank transfer (automatic),19.98,6526.63,Yes
C0973,Male,0,No,Yes,55,Yes,No phone service,DSL,No internet service,No,No internet service,Yes,Yes,No,Month-to-month,No,Credit card (automatic),26.41,7100.08,Yes
C0974,Male,1,Yes,Yes,57,No,Yes,DSL,Yes,No,No internet service,No,Yes,No internet service,Two year,No,Credit card (automatic),55.22,3391.04,Yes
C0975,Male,0,Yes,No,57,No,No phone service,Fiber optic,Yes,Yes,Yes,No,No,Yes,Month-to-month,No,Electronic check,117.45,584.63,Yes
C0976,Male,1,Yes,No,41,No,No phone service,DSL,No internet service,Yes,No,No,No,Yes,One year,No,Mailed check,73.82,4123.08,Yes
C0977,Female,0,No,No,8,Yes,Yes,No,Yes,No internet service,No,No internet service,Yes,Yes,Month-to-month,No,Credit card (automatic),94.98,3697.33,No
C0978,Male,0,Yes,No,66,Yes,No,Fiber optic,No internet service,Yes,No,No internet service,Yes,No,Month-to-month,Yes,Electronic check,50.79,1688.78,No
C0979,Female,1,Yes,Yes,44,No,No,No,No,Yes,No internet service,No,No internet service,Yes,Month-to-month,No,Bank transfer (automatic),91.37,7619.1,No
C0980,Female,1,No,Yes,64,No,Yes,No,No internet service,No,No,No,No,No internet service,Month-to-month,Yes,Mailed check,116.55,8280.73,No
C0981,Female,1,Yes,Yes,69,No,No,No,No,Yes,Yes,Yes,Yes,Yes,Two year,No,Electronic check,54.49,456.92,No
C0982,Female,0,No,No,14,No,No phone service,Fiber optic,No internet service,No,No internet service,No,No,Yes,One year,No,Bank transfer (automatic),119.9,6767.52,Yes
C0983,Female,1,No,No,29,No,Yes,Fiber optic,No internet service,No internet service,No,No internet service,No,Yes,Two year,No,Credit card (automatic),83.12,5494.97,No
C0984,Female,1,No,No,14,Yes,No phone service,No,Yes,Yes,No internet service,No internet service,Yes,No internet service,Month-to-month,Yes,Credit card (automatic),94.36,2235.5,No
C0985,Female,1,No,Yes,4,Yes,No phone service,DSL,No internet service,No internet service,Yes,No internet service,No internet service,No internet service,Two year,Yes,Mailed check,43.72,5405.39,No
C0986,Female,1,No,Yes,69,No,No,No,No internet service,No,No internet service,No,No,Yes,Month-to-month,Yes,Electronic check,83.6,1109.15,No
C0987,Male,0,No,Yes,66,No,No,DSL,Yes,No,Yes,No internet service,Yes,No,Month-to-month,No,Credit card (automatic),70.12,606.71,No
C0988,Male,0,No,Yes,67,No,No,DSL,Yes,No,No,No internet service,Yes,No internet service,Month-to-month,No,Credit card (automatic),115.55,8444.77,Yes
C0989,Female,1,Yes,Yes,63,No,Yes,DSL,Yes,No,No internet service,No,No internet service,No internet service,Two year,Yes,Bank transfer (automatic),110.28,5415.69,No
C0990,Male,1,Yes,No,47,Yes,No,DSL,Yes,Yes,No,Yes,Yes,Yes,Two year,Yes,Bank transfer (automatic),58.46,2165.83,Yes
C0991,Female,0,No,No,38,Yes,No phone service,DSL,No,Yes,Yes,No,Yes,No internet service,Two year,Yes,Bank transfer (automatic),114.58,3835.19,Yes
C0992,Male,0,Yes,Yes,71,No,Yes,No,No internet service,No internet service,No internet service,No internet service,No,No internet service,Two year,Yes,Electronic check,108.25,8076.65,Yes
C0993,Male,1,No,Yes,40,No,No phone service,DSL,No,Yes,No internet service,No,No,No internet service,Month-to-month,Yes,Electronic check,78.22,3739.27,Yes
C0994,Female,1,No,No,46,Yes,No phone service,No,Yes,No internet service,Yes,No internet service,Yes,No,Two year,Yes,Electronic check,26.38,7655.57,No
C0995,Female,0,No,Yes,16,Yes,No phone service,Fiber optic,No,No,Yes,No internet service,No,No,One year,Yes,Credit card (automatic),34.4,7387.24,No
C0996,Female,1,Yes,Yes,54,No,No,No,Yes,No internet service,Yes,Yes,Yes,No internet service,One year,Yes,Electronic check,25.84,2937.13,Yes
C0997,Male,1,Yes,No,59,No,No,Fiber optic,No internet service,No,Yes,No internet service,No,No internet service,One year,Yes,Bank transfer (automatic),29.02,5921.55,No
C0998,Female,0,Yes,No,49,No,No,DSL,Yes,No,No,No,Yes,No,One year,No,Mailed check,117.65,5620.35,No
C0999,Female,0,No,No,36,Yes,No phone service,DSL,No internet service,No,Yes,No internet service,No,No internet service,Month-to-month,No,Electronic check,39.64,6559.42,No
